employee_name,user_id,email,role,business_unit,functional_unit,department,team,supervisor
User AA0000,AA0000,AA0000@dtaa.com,Engineer,BU1,Research,Research,Team-1,
User BA0001,BA0001,BA0001@dtaa.com,Analyst,BU1,Finance,Finance,Team-1,
User CA0002,CA0002,CA0002@dtaa.com,Salesman,BU1,Sales,Sales,Team-1,
User DA0003,DA0003,DA0003@dtaa.com,Engineer,BU1,Research,Research,Team-1,
User EA0004,EA0004,EA0004@dtaa.com,Salesman,BU1,Sales,Sales,Team-1,
User FA0005,FA0005,FA0005@dtaa.com,Analyst,BU1,Finance,Finance,Team-1,
User GA0006,GA0006,GA0006@dtaa.com,Analyst,BU1,Finance,Finance,Team-1,
User HA0007,HA0007,HA0007@dtaa.com,Analyst,BU1,Finance,Finance,Team-1,
User IA0008,IA0008,IA0008@dtaa.com,Analyst,BU1,Finance,Finance,Team-1,
User JA0009,JA0009,JA0009@dtaa.com,ITAdmin,BU1,IT,IT,Team-1,
User KA0010,KA0010,KA0010@dtaa.com,Salesman,BU1,Sales,Sales,Team-1,
User LA0011,LA0011,LA0011@dtaa.com,Analyst,BU1,Finance,Finance,Team-1,
User MA0012,MA0012,MA0012@dtaa.com,Manager,BU1,Operations,Operations,Team-1,
User NA0013,NA0013,NA0013@dtaa.com,Technician,BU1,Operations,Operations,Team-1,
User OA0014,OA0014,OA0014@dtaa.com,Technician,BU1,Operations,Operations,Team-1,
User PA0015,PA0015,PA0015@dtaa.com,Engineer,BU1,Research,Research,Team-1,
User QA0016,QA0016,QA0016@dtaa.com,Analyst,BU1,Finance,Finance,Team-1,
User RA0017,RA0017,RA0017@dtaa.com,Manager,BU1,Operations,Operations,Team-1,
