id,date,user,pc,activity
{L-0022790},07/26/2026 18:38:34,LA0011,PC-1011,Logon
{L-0017097},07/26/2026 18:39:34,IA0008,PC-1008,Logon
{L-0026848},07/26/2026 18:55:34,NA0013,PC-1013,Logon
{L-0028510},07/26/2026 18:55:34,OA0014,PC-1014,Logon
{L-0008307},07/26/2026 19:09:34,DA0003,PC-1003,Logon
{L-0016164},07/26/2026 19:28:34,HA0007,PC-1007,Logon
{L-0002384},07/26/2026 19:34:34,BA0001,PC-1001,Logon
{L-0013748},07/26/2026 19:34:34,GA0006,PC-1006,Logon
{L-0018732},07/26/2026 19:41:34,JA0009,PC-1009,Logon
{L-0000001},07/26/2026 19:51:34,AA0000,PC-1000,Logon
{L-0032708},07/26/2026 20:00:34,QA0016,PC-1016,Logon
{L-0010986},07/26/2026 20:14:34,EA0004,PC-1004,Logon
{L-0034117},07/26/2026 20:15:34,RA0017,PC-1017,Logon
{L-0005045},07/26/2026 20:17:34,CA0002,PC-1002,Logon
{L-0020866},07/26/2026 20:19:34,KA0010,PC-1010,Logon
{L-0031103},07/26/2026 20:30:34,PA0015,PC-1015,Logon
{L-0012300},07/26/2026 20:48:34,FA0005,PC-1005,Logon
{L-0013749},07/27/2026 03:05:34,GA0006,PC-1006,Logoff
{L-0017098},07/27/2026 03:12:34,IA0008,PC-1008,Logoff
{L-0008308},07/27/2026 03:19:34,DA0003,PC-1003,Logoff
{L-0018733},07/27/2026 03:34:34,JA0009,PC-1009,Logoff
{L-0028511},07/27/2026 03:57:34,OA0014,PC-1014,Logoff
{L-0010987},07/27/2026 03:58:34,EA0004,PC-1004,Logoff
{L-0022791},07/27/2026 04:17:34,LA0011,PC-1011,Logoff
{L-0016165},07/27/2026 04:23:34,HA0007,PC-1007,Logoff
{L-0026849},07/27/2026 04:28:34,NA0013,PC-1013,Logoff
{L-0000002},07/27/2026 04:44:34,AA0000,PC-1000,Logoff
{L-0002385},07/27/2026 04:47:34,BA0001,PC-1001,Logoff
{L-0031104},07/27/2026 04:59:34,PA0015,PC-1015,Logoff
{L-0034118},07/27/2026 05:20:34,RA0017,PC-1017,Logoff
{L-0032709},07/27/2026 05:42:34,QA0016,PC-1016,Logoff
{L-0020867},07/27/2026 05:55:34,KA0010,PC-1010,Logoff
{L-0005046},07/27/2026 06:17:34,CA0002,PC-1002,Logoff
{L-0012301},07/27/2026 06:56:34,FA0005,PC-1005,Logoff
{L-0022843},07/27/2026 18:18:34,LA0011,PC-1011,Logon
{L-0017131},07/27/2026 18:31:34,IA0008,PC-1008,Logon
{L-0026890},07/27/2026 18:55:34,NA0013,PC-1013,Logon
{L-0016188},07/27/2026 19:04:34,HA0007,PC-1007,Logon
{L-0024854},07/27/2026 19:07:34,MA0012,PC-1012,Logon
{L-0018784},07/27/2026 19:15:34,JA0009,PC-1009,Logon
{L-0008367},07/27/2026 19:17:34,DA0003,PC-1003,Logon
{L-0028596},07/27/2026 19:22:34,OA0014,PC-1014,Logon
{L-0002453},07/27/2026 19:24:34,BA0001,PC-1001,Logon
{L-0013800},07/27/2026 19:32:34,GA0006,PC-1006,Logon
{L-0000045},07/27/2026 19:43:34,AA0000,PC-1000,Logon
{L-0011012},07/27/2026 19:59:34,EA0004,PC-1004,Logon
{L-0032740},07/27/2026 20:17:34,QA0016,PC-1016,Logon
{L-0020913},07/27/2026 20:18:34,KA0010,PC-1010,Logon
{L-0005121},07/27/2026 20:24:34,CA0002,PC-1002,Logon
{L-0031148},07/27/2026 20:26:34,PA0015,PC-1015,Logon
{L-0034139},07/27/2026 20:30:34,RA0017,PC-1017,Logon
{L-0018785},07/28/2026 02:58:34,JA0009,PC-1009,Logoff
{L-0013801},07/28/2026 03:06:34,GA0006,PC-1006,Logoff
{L-0017132},07/28/2026 03:32:34,IA0008,PC-1008,Logoff
{L-0011013},07/28/2026 03:37:34,EA0004,PC-1004,Logoff
{L-0002454},07/28/2026 03:41:34,BA0001,PC-1001,Logoff
{L-0008368},07/28/2026 03:50:34,DA0003,PC-1003,Logoff
{L-0028597},07/28/2026 03:59:34,OA0014,PC-1014,Logoff
{L-0031149},07/28/2026 04:05:34,PA0015,PC-1015,Logoff
{L-0016189},07/28/2026 04:21:34,HA0007,PC-1007,Logoff
{L-0026891},07/28/2026 04:28:34,NA0013,PC-1013,Logoff
{L-0022844},07/28/2026 04:31:34,LA0011,PC-1011,Logoff
{L-0024855},07/28/2026 04:50:34,MA0012,PC-1012,Logoff
{L-0000046},07/28/2026 04:58:34,AA0000,PC-1000,Logoff
{L-0034140},07/28/2026 05:12:34,RA0017,PC-1017,Logoff
{L-0005122},07/28/2026 05:20:34,CA0002,PC-1002,Logoff
{L-0020914},07/28/2026 05:35:34,KA0010,PC-1010,Logoff
{L-0032741},07/28/2026 06:09:34,QA0016,PC-1016,Logoff
{L-0017150},07/28/2026 18:24:34,IA0008,PC-1008,Logon
{L-0026921},07/28/2026 18:40:34,NA0013,PC-1013,Logon
{L-0024905},07/28/2026 18:43:34,MA0012,PC-1012,Logon
{L-0022880},07/28/2026 19:00:34,LA0011,PC-1011,Logon
{L-0018836},07/28/2026 19:01:34,JA0009,PC-1009,Logon
{L-0013875},07/28/2026 19:18:34,GA0006,PC-1006,Logon
{L-0008433},07/28/2026 19:19:34,DA0003,PC-1003,Logon
{L-0028668},07/28/2026 19:20:34,OA0014,PC-1014,Logon
{L-0016207},07/28/2026 19:27:34,HA0007,PC-1007,Logon
{L-0000089},07/28/2026 19:52:34,AA0000,PC-1000,Logon
{L-0032767},07/28/2026 19:53:34,QA0016,PC-1016,Logon
{L-0031188},07/28/2026 19:55:34,PA0015,PC-1015,Logon
{L-0020947},07/28/2026 19:59:34,KA0010,PC-1010,Logon
{L-0002513},07/28/2026 20:00:34,BA0001,PC-1001,Logon
{L-0011041},07/28/2026 20:02:34,EA0004,PC-1004,Logon
{L-0005203},07/28/2026 20:07:34,CA0002,PC-1002,Logon
{L-0034172},07/28/2026 20:28:34,RA0017,PC-1017,Logon
{L-0012345},07/28/2026 20:35:34,FA0005,PC-1005,Logon
{L-0018837},07/29/2026 03:11:34,JA0009,PC-1009,Logoff
{L-0031189},07/29/2026 03:31:34,PA0015,PC-1015,Logoff
{L-0008434},07/29/2026 03:48:34,DA0003,PC-1003,Logoff
{L-0011042},07/29/2026 03:53:34,EA0004,PC-1004,Logoff
{L-0017151},07/29/2026 03:54:34,IA0008,PC-1008,Logoff
{L-0028669},07/29/2026 04:01:34,OA0014,PC-1014,Logoff
{L-0013876},07/29/2026 04:03:34,GA0006,PC-1006,Logoff
{L-0024906},07/29/2026 04:10:34,MA0012,PC-1012,Logoff
{L-0026922},07/29/2026 04:12:34,NA0013,PC-1013,Logoff
{L-0000090},07/29/2026 04:16:34,AA0000,PC-1000,Logoff
{L-0002514},07/29/2026 04:25:34,BA0001,PC-1001,Logoff
{L-0020948},07/29/2026 04:44:34,KA0010,PC-1010,Logoff
{L-0016208},07/29/2026 04:46:34,HA0007,PC-1007,Logoff
{L-0034173},07/29/2026 05:13:34,RA0017,PC-1017,Logoff
{L-0022881},07/29/2026 05:26:34,LA0011,PC-1011,Logoff
{L-0005204},07/29/2026 05:40:34,CA0002,PC-1002,Logoff
{L-0012346},07/29/2026 05:59:34,FA0005,PC-1005,Logoff
{L-0032768},07/29/2026 05:59:34,QA0016,PC-1016,Logoff
{L-0026952},07/29/2026 18:13:34,NA0013,PC-1013,Logon
{L-0024953},07/29/2026 18:28:34,MA0012,PC-1012,Logon
{L-0022925},07/29/2026 18:52:34,LA0011,PC-1011,Logon
{L-0017185},07/29/2026 18:56:34,IA0008,PC-1008,Logon
{L-0013934},07/29/2026 19:09:34,GA0006,PC-1006,Logon
{L-0016223},07/29/2026 19:13:34,HA0007,PC-1007,Logon
{L-0028715},07/29/2026 19:13:34,OA0014,PC-1014,Logon
{L-0000134},07/29/2026 19:15:34,AA0000,PC-1000,Logon
{L-0008488},07/29/2026 19:15:34,DA0003,PC-1003,Logon
{L-0018910},07/29/2026 19:40:34,JA0009,PC-1009,Logon
{L-0002594},07/29/2026 19:47:34,BA0001,PC-1001,Logon
{L-0032799},07/29/2026 19:56:34,QA0016,PC-1016,Logon
{L-0021006},07/29/2026 19:59:34,KA0010,PC-1010,Logon
{L-0011067},07/29/2026 20:01:34,EA0004,PC-1004,Logon
{L-0012380},07/29/2026 20:17:34,FA0005,PC-1005,Logon
{L-0005278},07/29/2026 20:20:34,CA0002,PC-1002,Logon
{L-0034199},07/29/2026 20:34:34,RA0017,PC-1017,Logon
{L-0031226},07/29/2026 20:35:34,PA0015,PC-1015,Logon
{L-0008489},07/30/2026 03:01:34,DA0003,PC-1003,Logoff
{L-0016224},07/30/2026 03:12:34,HA0007,PC-1007,Logoff
{L-0017186},07/30/2026 03:22:34,IA0008,PC-1008,Logoff
{L-0024954},07/30/2026 03:34:34,MA0012,PC-1012,Logoff
{L-0028716},07/30/2026 03:39:34,OA0014,PC-1014,Logoff
{L-0013935},07/30/2026 03:41:34,GA0006,PC-1006,Logoff
{L-0011068},07/30/2026 03:47:34,EA0004,PC-1004,Logoff
{L-0026953},07/30/2026 03:51:34,NA0013,PC-1013,Logoff
{L-0018911},07/30/2026 04:26:34,JA0009,PC-1009,Logoff
{L-0000135},07/30/2026 04:41:34,AA0000,PC-1000,Logoff
{L-0002595},07/30/2026 05:06:34,BA0001,PC-1001,Logoff
{L-0022926},07/30/2026 05:08:34,LA0011,PC-1011,Logoff
{L-0031227},07/30/2026 05:12:34,PA0015,PC-1015,Logoff
{L-0034200},07/30/2026 05:18:34,RA0017,PC-1017,Logoff
{L-0012381},07/30/2026 05:27:34,FA0005,PC-1005,Logoff
{L-0032800},07/30/2026 05:47:34,QA0016,PC-1016,Logoff
{L-0021007},07/30/2026 05:59:34,KA0010,PC-1010,Logoff
{L-0005279},07/30/2026 06:06:34,CA0002,PC-1002,Logoff
{L-0026994},07/30/2026 18:14:34,NA0013,PC-1013,Logon
{L-0017222},07/30/2026 18:16:34,IA0008,PC-1008,Logon
{L-0022967},07/30/2026 18:22:34,LA0011,PC-1011,Logon
{L-0024976},07/30/2026 18:36:34,MA0012,PC-1012,Logon
{L-0016247},07/30/2026 19:14:34,HA0007,PC-1007,Logon
{L-0008545},07/30/2026 19:15:34,DA0003,PC-1003,Logon
{L-0013982},07/30/2026 19:22:34,GA0006,PC-1006,Logon
{L-0028769},07/30/2026 19:23:34,OA0014,PC-1014,Logon
{L-0002681},07/30/2026 19:29:34,BA0001,PC-1001,Logon
{L-0018967},07/30/2026 19:36:34,JA0009,PC-1009,Logon
{L-0000196},07/30/2026 19:48:34,AA0000,PC-1000,Logon
{L-0011098},07/30/2026 19:50:34,EA0004,PC-1004,Logon
{L-0031264},07/30/2026 19:57:34,PA0015,PC-1015,Logon
{L-0032832},07/30/2026 20:06:34,QA0016,PC-1016,Logon
{L-0005360},07/30/2026 20:15:34,CA0002,PC-1002,Logon
{L-0021033},07/30/2026 20:19:34,KA0010,PC-1010,Logon
{L-0034219},07/30/2026 20:36:34,RA0017,PC-1017,Logon
{L-0012413},07/30/2026 20:48:34,FA0005,PC-1005,Logon
{L-0017223},07/31/2026 02:40:34,IA0008,PC-1008,Logoff
{L-0024977},07/31/2026 03:25:34,MA0012,PC-1012,Logoff
{L-0016248},07/31/2026 03:29:34,HA0007,PC-1007,Logoff
{L-0013983},07/31/2026 03:56:34,GA0006,PC-1006,Logoff
{L-0008546},07/31/2026 04:01:34,DA0003,PC-1003,Logoff
{L-0018968},07/31/2026 04:03:34,JA0009,PC-1009,Logoff
{L-0022968},07/31/2026 04:05:34,LA0011,PC-1011,Logoff
{L-0000197},07/31/2026 04:19:34,AA0000,PC-1000,Logoff
{L-0026995},07/31/2026 04:21:34,NA0013,PC-1013,Logoff
{L-0011099},07/31/2026 04:25:34,EA0004,PC-1004,Logoff
{L-0028770},07/31/2026 04:31:34,OA0014,PC-1014,Logoff
{L-0031265},07/31/2026 04:39:34,PA0015,PC-1015,Logoff
{L-0002682},07/31/2026 04:57:34,BA0001,PC-1001,Logoff
{L-0034220},07/31/2026 05:25:34,RA0017,PC-1017,Logoff
{L-0005361},07/31/2026 06:07:34,CA0002,PC-1002,Logoff
{L-0021034},07/31/2026 06:14:34,KA0010,PC-1010,Logoff
{L-0032833},07/31/2026 06:22:34,QA0016,PC-1016,Logoff
{L-0012414},07/31/2026 06:34:34,FA0005,PC-1005,Logoff
{L-0017253},08/02/2026 18:18:34,IA0008,PC-1008,Logon
{L-0027041},08/02/2026 18:35:34,NA0013,PC-1013,Logon
{L-0008611},08/02/2026 18:42:34,DA0003,PC-1003,Logon
{L-0023004},08/02/2026 18:45:34,LA0011,PC-1011,Logon
{L-0025039},08/02/2026 19:03:34,MA0012,PC-1012,Logon
{L-0028810},08/02/2026 19:05:34,OA0014,PC-1014,Logon
{L-0016260},08/02/2026 19:09:34,HA0007,PC-1007,Logon
{L-0000256},08/02/2026 19:15:34,AA0000,PC-1000,Logon
{L-0019000},08/02/2026 19:22:34,JA0009,PC-1009,Logon
{L-0002745},08/02/2026 19:37:34,BA0001,PC-1001,Logon
{L-0014047},08/02/2026 19:42:34,GA0006,PC-1006,Logon
{L-0032853},08/02/2026 19:52:34,QA0016,PC-1016,Logon
{L-0031305},08/02/2026 19:59:34,PA0015,PC-1015,Logon
{L-0021073},08/02/2026 20:04:34,KA0010,PC-1010,Logon
{L-0012460},08/02/2026 20:14:34,FA0005,PC-1005,Logon
{L-0011131},08/02/2026 20:25:34,EA0004,PC-1004,Logon
{L-0034248},08/02/2026 20:28:34,RA0017,PC-1017,Logon
{L-0005429},08/02/2026 20:32:34,CA0002,PC-1002,Logon
{L-0019001},08/03/2026 03:14:34,JA0009,PC-1009,Logoff
{L-0028811},08/03/2026 03:27:34,OA0014,PC-1014,Logoff
{L-0008612},08/03/2026 03:30:34,DA0003,PC-1003,Logoff
{L-0017254},08/03/2026 03:39:34,IA0008,PC-1008,Logoff
{L-0031306},08/03/2026 03:44:34,PA0015,PC-1015,Logoff
{L-0000257},08/03/2026 03:53:34,AA0000,PC-1000,Logoff
{L-0016261},08/03/2026 04:00:34,HA0007,PC-1007,Logoff
{L-0014048},08/03/2026 04:19:34,GA0006,PC-1006,Logoff
{L-0011132},08/03/2026 04:32:34,EA0004,PC-1004,Logoff
{L-0021074},08/03/2026 04:45:34,KA0010,PC-1010,Logoff
{L-0002746},08/03/2026 04:47:34,BA0001,PC-1001,Logoff
{L-0027042},08/03/2026 04:56:34,NA0013,PC-1013,Logoff
{L-0023005},08/03/2026 05:00:34,LA0011,PC-1011,Logoff
{L-0025040},08/03/2026 05:02:34,MA0012,PC-1012,Logoff
{L-0034249},08/03/2026 05:22:34,RA0017,PC-1017,Logoff
{L-0012461},08/03/2026 05:55:34,FA0005,PC-1005,Logoff
{L-0032854},08/03/2026 06:00:34,QA0016,PC-1016,Logoff
{L-0005430},08/03/2026 06:20:34,CA0002,PC-1002,Logoff
{L-0023052},08/03/2026 18:26:34,LA0011,PC-1011,Logon
{L-0027072},08/03/2026 18:30:34,NA0013,PC-1013,Logon
{L-0025068},08/03/2026 18:42:34,MA0012,PC-1012,Logon
{L-0008673},08/03/2026 18:48:34,DA0003,PC-1003,Logon
{L-0017290},08/03/2026 18:52:34,IA0008,PC-1008,Logon
{L-0014099},08/03/2026 19:06:34,GA0006,PC-1006,Logon
{L-0028854},08/03/2026 19:06:34,OA0014,PC-1014,Logon
{L-0016286},08/03/2026 19:11:34,HA0007,PC-1007,Logon
{L-0019047},08/03/2026 19:13:34,JA0009,PC-1009,Logon
{L-0002812},08/03/2026 19:24:34,BA0001,PC-1001,Logon
{L-0021112},08/03/2026 19:38:34,KA0010,PC-1010,Logon
{L-0000304},08/03/2026 19:49:34,AA0000,PC-1000,Logon
{L-0032888},08/03/2026 20:02:34,QA0016,PC-1016,Logon
{L-0034264},08/03/2026 20:04:34,RA0017,PC-1017,Logon
{L-0011161},08/03/2026 20:09:34,EA0004,PC-1004,Logon
{L-0031346},08/03/2026 20:31:34,PA0015,PC-1015,Logon
{L-0012490},08/03/2026 20:33:34,FA0005,PC-1005,Logon
{L-0005508},08/03/2026 20:37:34,CA0002,PC-1002,Logon
{L-0014100},08/04/2026 02:50:34,GA0006,PC-1006,Logoff
{L-0008674},08/04/2026 03:28:34,DA0003,PC-1003,Logoff
{L-0019048},08/04/2026 03:34:34,JA0009,PC-1009,Logoff
{L-0016287},08/04/2026 03:41:34,HA0007,PC-1007,Logoff
{L-0017291},08/04/2026 03:50:34,IA0008,PC-1008,Logoff
{L-0000305},08/04/2026 04:04:34,AA0000,PC-1000,Logoff
{L-0002813},08/04/2026 04:07:34,BA0001,PC-1001,Logoff
{L-0031347},08/04/2026 04:14:34,PA0015,PC-1015,Logoff
{L-0027073},08/04/2026 04:15:34,NA0013,PC-1013,Logoff
{L-0028855},08/04/2026 04:20:34,OA0014,PC-1014,Logoff
{L-0025069},08/04/2026 04:35:34,MA0012,PC-1012,Logoff
{L-0021113},08/04/2026 04:37:34,KA0010,PC-1010,Logoff
{L-0011162},08/04/2026 04:44:34,EA0004,PC-1004,Logoff
{L-0023053},08/04/2026 04:56:34,LA0011,PC-1011,Logoff
{L-0034265},08/04/2026 05:06:34,RA0017,PC-1017,Logoff
{L-0032889},08/04/2026 05:21:34,QA0016,PC-1016,Logoff
{L-0005509},08/04/2026 05:38:34,CA0002,PC-1002,Logoff
{L-0012491},08/04/2026 06:35:34,FA0005,PC-1005,Logoff
{L-0017341},08/04/2026 18:25:34,IA0008,PC-1008,Logon
{L-0025111},08/04/2026 18:42:34,MA0012,PC-1012,Logon
{L-0028920},08/04/2026 18:46:34,OA0014,PC-1014,Logon
{L-0023091},08/04/2026 18:53:34,LA0011,PC-1011,Logon
{L-0008732},08/04/2026 18:54:34,DA0003,PC-1003,Logon
{L-0027105},08/04/2026 18:57:34,NA0013,PC-1013,Logon
{L-0019086},08/04/2026 19:12:34,JA0009,PC-1009,Logon
{L-0000363},08/04/2026 19:15:34,AA0000,PC-1000,Logon
{L-0014152},08/04/2026 19:26:34,GA0006,PC-1006,Logon
{L-0016308},08/04/2026 19:27:34,HA0007,PC-1007,Logon
{L-0002853},08/04/2026 19:32:34,BA0001,PC-1001,Logon
{L-0011180},08/04/2026 19:51:34,EA0004,PC-1004,Logon
{L-0021155},08/04/2026 20:00:34,KA0010,PC-1010,Logon
{L-0012530},08/04/2026 20:02:34,FA0005,PC-1005,Logon
{L-0032918},08/04/2026 20:13:34,QA0016,PC-1016,Logon
{L-0034292},08/04/2026 20:14:34,RA0017,PC-1017,Logon
{L-0031387},08/04/2026 20:29:34,PA0015,PC-1015,Logon
{L-0005596},08/04/2026 20:34:34,CA0002,PC-1002,Logon
{L-0028921},08/05/2026 02:54:34,OA0014,PC-1014,Logoff
{L-0008733},08/05/2026 03:03:34,DA0003,PC-1003,Logoff
{L-0019087},08/05/2026 03:30:34,JA0009,PC-1009,Logoff
{L-0000364},08/05/2026 03:35:34,AA0000,PC-1000,Logoff
{L-0017342},08/05/2026 03:38:34,IA0008,PC-1008,Logoff
{L-0011181},08/05/2026 03:40:34,EA0004,PC-1004,Logoff
{L-0014153},08/05/2026 03:55:34,GA0006,PC-1006,Logoff
{L-0002854},08/05/2026 03:57:34,BA0001,PC-1001,Logoff
{L-0031388},08/05/2026 03:59:34,PA0015,PC-1015,Logoff
{L-0016309},08/05/2026 04:16:34,HA0007,PC-1007,Logoff
{L-0025112},08/05/2026 04:48:34,MA0012,PC-1012,Logoff
{L-0021156},08/05/2026 04:49:34,KA0010,PC-1010,Logoff
{L-0023092},08/05/2026 05:15:34,LA0011,PC-1011,Logoff
{L-0027106},08/05/2026 05:24:34,NA0013,PC-1013,Logoff
{L-0034293},08/05/2026 05:24:34,RA0017,PC-1017,Logoff
{L-0005597},08/05/2026 05:55:34,CA0002,PC-1002,Logoff
{L-0012531},08/05/2026 06:11:34,FA0005,PC-1005,Logoff
{L-0032919},08/05/2026 06:28:34,QA0016,PC-1016,Logoff
{L-0027149},08/05/2026 18:13:34,NA0013,PC-1013,Logon
{L-0023144},08/05/2026 18:15:34,LA0011,PC-1011,Logon
{L-0017378},08/05/2026 18:31:34,IA0008,PC-1008,Logon
{L-0025173},08/05/2026 18:41:34,MA0012,PC-1012,Logon
{L-0008808},08/05/2026 18:57:34,DA0003,PC-1003,Logon
{L-0016331},08/05/2026 19:08:34,HA0007,PC-1007,Logon
{L-0019154},08/05/2026 19:19:34,JA0009,PC-1009,Logon
{L-0028967},08/05/2026 19:29:34,OA0014,PC-1014,Logon
{L-0014197},08/05/2026 19:31:34,GA0006,PC-1006,Logon
{L-0032952},08/05/2026 19:31:34,QA0016,PC-1016,Logon
{L-0021208},08/05/2026 19:34:34,KA0010,PC-1010,Logon
{L-0002921},08/05/2026 19:38:34,BA0001,PC-1001,Logon
{L-0000414},08/05/2026 19:40:34,AA0000,PC-1000,Logon
{L-0031419},08/05/2026 19:45:34,PA0015,PC-1015,Logon
{L-0011208},08/05/2026 19:54:34,EA0004,PC-1004,Logon
{L-0034328},08/05/2026 20:21:34,RA0017,PC-1017,Logon
{L-0012561},08/05/2026 20:41:34,FA0005,PC-1005,Logon
{L-0005651},08/05/2026 20:45:34,CA0002,PC-1002,Logon
{L-0019155},08/06/2026 02:57:34,JA0009,PC-1009,Logoff
{L-0008809},08/06/2026 02:59:34,DA0003,PC-1003,Logoff
{L-0014198},08/06/2026 03:30:34,GA0006,PC-1006,Logoff
{L-0016332},08/06/2026 03:37:34,HA0007,PC-1007,Logoff
{L-0027150},08/06/2026 03:43:34,NA0013,PC-1013,Logoff
{L-0011209},08/06/2026 03:46:34,EA0004,PC-1004,Logoff
{L-0017379},08/06/2026 04:00:34,IA0008,PC-1008,Logoff
{L-0002922},08/06/2026 04:13:34,BA0001,PC-1001,Logoff
{L-0025174},08/06/2026 04:18:34,MA0012,PC-1012,Logoff
{L-0031420},08/06/2026 04:23:34,PA0015,PC-1015,Logoff
{L-0000415},08/06/2026 04:24:34,AA0000,PC-1000,Logoff
{L-0021209},08/06/2026 04:26:34,KA0010,PC-1010,Logoff
{L-0028968},08/06/2026 04:30:34,OA0014,PC-1014,Logoff
{L-0023145},08/06/2026 04:41:34,LA0011,PC-1011,Logoff
{L-0034329},08/06/2026 04:57:34,RA0017,PC-1017,Logoff
{L-0032953},08/06/2026 05:11:34,QA0016,PC-1016,Logoff
{L-0012562},08/06/2026 05:41:34,FA0005,PC-1005,Logoff
{L-0005652},08/06/2026 06:46:34,CA0002,PC-1002,Logoff
{L-0025225},08/06/2026 18:30:34,MA0012,PC-1012,Logon
{L-0027184},08/06/2026 18:33:34,NA0013,PC-1013,Logon
{L-0023196},08/06/2026 18:41:34,LA0011,PC-1011,Logon
{L-0017421},08/06/2026 18:42:34,IA0008,PC-1008,Logon
{L-0016359},08/06/2026 19:04:34,HA0007,PC-1007,Logon
{L-0014259},08/06/2026 19:08:34,GA0006,PC-1006,Logon
{L-0000479},08/06/2026 19:16:34,AA0000,PC-1000,Logon
{L-0008846},08/06/2026 19:26:34,DA0003,PC-1003,Logon
{L-0029005},08/06/2026 19:27:34,OA0014,PC-1014,Logon
{L-0032983},08/06/2026 19:36:34,QA0016,PC-1016,Logon
{L-0003005},08/06/2026 19:39:34,BA0001,PC-1001,Logon
{L-0021247},08/06/2026 19:39:34,KA0010,PC-1010,Logon
{L-0019194},08/06/2026 19:41:34,JA0009,PC-1009,Logon
{L-0031461},08/06/2026 19:59:34,PA0015,PC-1015,Logon
{L-0011236},08/06/2026 20:06:34,EA0004,PC-1004,Logon
{L-0012598},08/06/2026 20:08:34,FA0005,PC-1005,Logon
{L-0005716},08/06/2026 20:20:34,CA0002,PC-1002,Logon
{L-0034350},08/06/2026 20:25:34,RA0017,PC-1017,Logon
{L-0014260},08/07/2026 03:11:34,GA0006,PC-1006,Logoff
{L-0016360},08/07/2026 03:37:34,HA0007,PC-1007,Logoff
{L-0017422},08/07/2026 03:43:34,IA0008,PC-1008,Logoff
{L-0003006},08/07/2026 03:55:34,BA0001,PC-1001,Logoff
{L-0019195},08/07/2026 03:58:34,JA0009,PC-1009,Logoff
{L-0031462},08/07/2026 04:00:34,PA0015,PC-1015,Logoff
{L-0027185},08/07/2026 04:12:34,NA0013,PC-1013,Logoff
{L-0029006},08/07/2026 04:14:34,OA0014,PC-1014,Logoff
{L-0008847},08/07/2026 04:16:34,DA0003,PC-1003,Logoff
{L-0023197},08/07/2026 04:20:34,LA0011,PC-1011,Logoff
{L-0025226},08/07/2026 04:22:34,MA0012,PC-1012,Logoff
{L-0011237},08/07/2026 04:32:34,EA0004,PC-1004,Logoff
{L-0000480},08/07/2026 04:39:34,AA0000,PC-1000,Logoff
{L-0021248},08/07/2026 04:40:34,KA0010,PC-1010,Logoff
{L-0032984},08/07/2026 05:37:34,QA0016,PC-1016,Logoff
{L-0034351},08/07/2026 05:50:34,RA0017,PC-1017,Logoff
{L-0012599},08/07/2026 06:13:34,FA0005,PC-1005,Logoff
{L-0005717},08/07/2026 06:34:34,CA0002,PC-1002,Logoff
{L-0017474},08/09/2026 18:31:34,IA0008,PC-1008,Logon
{L-0023237},08/09/2026 18:37:34,LA0011,PC-1011,Logon
{L-0027235},08/09/2026 18:38:34,NA0013,PC-1013,Logon
{L-0029044},08/09/2026 18:41:34,OA0014,PC-1014,Logon
{L-0025276},08/09/2026 18:54:34,MA0012,PC-1012,Logon
{L-0008907},08/09/2026 19:01:34,DA0003,PC-1003,Logon
{L-0014335},08/09/2026 19:01:34,GA0006,PC-1006,Logon
{L-0000552},08/09/2026 19:17:34,AA0000,PC-1000,Logon
{L-0016387},08/09/2026 19:35:34,HA0007,PC-1007,Logon
{L-0021283},08/09/2026 19:36:34,KA0010,PC-1010,Logon
{L-0019242},08/09/2026 19:37:34,JA0009,PC-1009,Logon
{L-0033014},08/09/2026 19:59:34,QA0016,PC-1016,Logon
{L-0003044},08/09/2026 20:01:34,BA0001,PC-1001,Logon
{L-0034372},08/09/2026 20:14:34,RA0017,PC-1017,Logon
{L-0012628},08/09/2026 20:15:34,FA0005,PC-1005,Logon
{L-0011280},08/09/2026 20:21:34,EA0004,PC-1004,Logon
{L-0031494},08/09/2026 20:26:34,PA0015,PC-1015,Logon
{L-0005798},08/09/2026 20:45:34,CA0002,PC-1002,Logon
{L-0014336},08/10/2026 02:49:34,GA0006,PC-1006,Logoff
{L-0017475},08/10/2026 02:55:34,IA0008,PC-1008,Logoff
{L-0008908},08/10/2026 03:15:34,DA0003,PC-1003,Logoff
{L-0000553},08/10/2026 03:24:34,AA0000,PC-1000,Logoff
{L-0016388},08/10/2026 03:34:34,HA0007,PC-1007,Logoff
{L-0025277},08/10/2026 03:45:34,MA0012,PC-1012,Logoff
{L-0029045},08/10/2026 03:53:34,OA0014,PC-1014,Logoff
{L-0011281},08/10/2026 03:57:34,EA0004,PC-1004,Logoff
{L-0019243},08/10/2026 04:31:34,JA0009,PC-1009,Logoff
{L-0027236},08/10/2026 04:50:34,NA0013,PC-1013,Logoff
{L-0003045},08/10/2026 04:51:34,BA0001,PC-1001,Logoff
{L-0021284},08/10/2026 04:54:34,KA0010,PC-1010,Logoff
{L-0031495},08/10/2026 04:59:34,PA0015,PC-1015,Logoff
{L-0023238},08/10/2026 05:02:34,LA0011,PC-1011,Logoff
{L-0034373},08/10/2026 05:07:34,RA0017,PC-1017,Logoff
{L-0033015},08/10/2026 05:42:34,QA0016,PC-1016,Logoff
{L-0012629},08/10/2026 06:11:34,FA0005,PC-1005,Logoff
{L-0005799},08/10/2026 06:30:34,CA0002,PC-1002,Logoff
{L-0025319},08/10/2026 18:37:34,MA0012,PC-1012,Logon
{L-0017518},08/10/2026 18:40:34,IA0008,PC-1008,Logon
{L-0023277},08/10/2026 18:51:34,LA0011,PC-1011,Logon
{L-0027267},08/10/2026 18:55:34,NA0013,PC-1013,Logon
{L-0016410},08/10/2026 19:10:34,HA0007,PC-1007,Logon
{L-0003082},08/10/2026 19:19:34,BA0001,PC-1001,Logon
{L-0019306},08/10/2026 19:19:34,JA0009,PC-1009,Logon
{L-0008960},08/10/2026 19:28:34,DA0003,PC-1003,Logon
{L-0029120},08/10/2026 19:28:34,OA0014,PC-1014,Logon
{L-0021328},08/10/2026 19:35:34,KA0010,PC-1010,Logon
{L-0000612},08/10/2026 19:36:34,AA0000,PC-1000,Logon
{L-0033054},08/10/2026 19:39:34,QA0016,PC-1016,Logon
{L-0014401},08/10/2026 19:40:34,GA0006,PC-1006,Logon
{L-0031529},08/10/2026 19:54:34,PA0015,PC-1015,Logon
{L-0011302},08/10/2026 20:02:34,EA0004,PC-1004,Logon
{L-0012660},08/10/2026 20:12:34,FA0005,PC-1005,Logon
{L-0005868},08/10/2026 20:24:34,CA0002,PC-1002,Logon
{L-0034383},08/10/2026 20:27:34,RA0017,PC-1017,Logon
{L-0019307},08/11/2026 02:54:34,JA0009,PC-1009,Logoff
{L-0017519},08/11/2026 03:28:34,IA0008,PC-1008,Logoff
{L-0008961},08/11/2026 03:42:34,DA0003,PC-1003,Logoff
{L-0025320},08/11/2026 03:46:34,MA0012,PC-1012,Logoff
{L-0031530},08/11/2026 03:57:34,PA0015,PC-1015,Logoff
{L-0014402},08/11/2026 04:20:34,GA0006,PC-1006,Logoff
{L-0029121},08/11/2026 04:20:34,OA0014,PC-1014,Logoff
{L-0000613},08/11/2026 04:21:34,AA0000,PC-1000,Logoff
{L-0016411},08/11/2026 04:28:34,HA0007,PC-1007,Logoff
{L-0003083},08/11/2026 04:32:34,BA0001,PC-1001,Logoff
{L-0011303},08/11/2026 04:34:34,EA0004,PC-1004,Logoff
{L-0027268},08/11/2026 04:37:34,NA0013,PC-1013,Logoff
{L-0034384},08/11/2026 04:41:34,RA0017,PC-1017,Logoff
{L-0023278},08/11/2026 04:49:34,LA0011,PC-1011,Logoff
{L-0021329},08/11/2026 05:22:34,KA0010,PC-1010,Logoff
{L-0012661},08/11/2026 05:51:34,FA0005,PC-1005,Logoff
{L-0033055},08/11/2026 06:06:34,QA0016,PC-1016,Logoff
{L-0005869},08/11/2026 06:15:34,CA0002,PC-1002,Logoff
{L-0027296},08/11/2026 18:14:34,NA0013,PC-1013,Logon
{L-0029169},08/11/2026 18:42:34,OA0014,PC-1014,Logon
{L-0023325},08/11/2026 18:47:34,LA0011,PC-1011,Logon
{L-0025373},08/11/2026 18:51:34,MA0012,PC-1012,Logon
{L-0019350},08/11/2026 18:58:34,JA0009,PC-1009,Logon
{L-0009006},08/11/2026 19:03:34,DA0003,PC-1003,Logon
{L-0014461},08/11/2026 19:04:34,GA0006,PC-1006,Logon
{L-0000663},08/11/2026 19:11:34,AA0000,PC-1000,Logon
{L-0016428},08/11/2026 19:35:34,HA0007,PC-1007,Logon
{L-0003129},08/11/2026 19:39:34,BA0001,PC-1001,Logon
{L-0011339},08/11/2026 20:13:34,EA0004,PC-1004,Logon
{L-0021376},08/11/2026 20:13:34,KA0010,PC-1010,Logon
{L-0034405},08/11/2026 20:21:34,RA0017,PC-1017,Logon
{L-0031571},08/11/2026 20:22:34,PA0015,PC-1015,Logon
{L-0012689},08/11/2026 20:29:34,FA0005,PC-1005,Logon
{L-0005950},08/11/2026 20:38:34,CA0002,PC-1002,Logon
{L-0029170},08/12/2026 03:07:34,OA0014,PC-1014,Logoff
{L-0014462},08/12/2026 03:17:34,GA0006,PC-1006,Logoff
{L-0027297},08/12/2026 03:40:34,NA0013,PC-1013,Logoff
{L-0009007},08/12/2026 03:41:34,DA0003,PC-1003,Logoff
{L-0019351},08/12/2026 03:42:34,JA0009,PC-1009,Logoff
{L-0011340},08/12/2026 03:46:34,EA0004,PC-1004,Logoff
{L-0031572},08/12/2026 04:14:34,PA0015,PC-1015,Logoff
{L-0000664},08/12/2026 04:21:34,AA0000,PC-1000,Logoff
{L-0023326},08/12/2026 04:30:34,LA0011,PC-1011,Logoff
{L-0003130},08/12/2026 04:35:34,BA0001,PC-1001,Logoff
{L-0025374},08/12/2026 04:35:34,MA0012,PC-1012,Logoff
{L-0016429},08/12/2026 04:46:34,HA0007,PC-1007,Logoff
{L-0021377},08/12/2026 05:06:34,KA0010,PC-1010,Logoff
{L-0034406},08/12/2026 05:23:34,RA0017,PC-1017,Logoff
{L-0012690},08/12/2026 06:05:34,FA0005,PC-1005,Logoff
{L-0005951},08/12/2026 06:09:34,CA0002,PC-1002,Logoff
{L-0023368},08/12/2026 18:21:34,LA0011,PC-1011,Logon
{L-0027346},08/12/2026 18:25:34,NA0013,PC-1013,Logon
{L-0017553},08/12/2026 18:28:34,IA0008,PC-1008,Logon
{L-0025405},08/12/2026 18:30:34,MA0012,PC-1012,Logon
{L-0009072},08/12/2026 18:56:34,DA0003,PC-1003,Logon
{L-0019395},08/12/2026 18:57:34,JA0009,PC-1009,Logon
{L-0016451},08/12/2026 18:58:34,HA0007,PC-1007,Logon
{L-0003203},08/12/2026 19:17:34,BA0001,PC-1001,Logon
{L-0029243},08/12/2026 19:24:34,OA0014,PC-1014,Logon
{L-0033090},08/12/2026 19:29:34,QA0016,PC-1016,Logon
{L-0000726},08/12/2026 19:33:34,AA0000,PC-1000,Logon
{L-0014486},08/12/2026 19:36:34,GA0006,PC-1006,Logon
{L-0021418},08/12/2026 19:45:34,KA0010,PC-1010,Logon
{L-0034426},08/12/2026 20:01:34,RA0017,PC-1017,Logon
{L-0006057},08/12/2026 20:16:34,CA0002,PC-1002,Logon
{L-0011372},08/12/2026 20:20:34,EA0004,PC-1004,Logon
{L-0031598},08/12/2026 20:35:34,PA0015,PC-1015,Logon
{L-0012718},08/12/2026 20:45:34,FA0005,PC-1005,Logon
{L-0019396},08/13/2026 02:33:34,JA0009,PC-1009,Logoff
{L-0009073},08/13/2026 02:58:34,DA0003,PC-1003,Logoff
{L-0017554},08/13/2026 03:13:34,IA0008,PC-1008,Logoff
{L-0016452},08/13/2026 03:25:34,HA0007,PC-1007,Logoff
{L-0003204},08/13/2026 03:38:34,BA0001,PC-1001,Logoff
{L-0027347},08/13/2026 03:48:34,NA0013,PC-1013,Logoff
{L-0014487},08/13/2026 03:50:34,GA0006,PC-1006,Logoff
{L-0023369},08/13/2026 03:58:34,LA0011,PC-1011,Logoff
{L-0000727},08/13/2026 04:00:34,AA0000,PC-1000,Logoff
{L-0029244},08/13/2026 04:02:34,OA0014,PC-1014,Logoff
{L-0031599},08/13/2026 04:05:34,PA0015,PC-1015,Logoff
{L-0011373},08/13/2026 04:14:34,EA0004,PC-1004,Logoff
{L-0025406},08/13/2026 04:30:34,MA0012,PC-1012,Logoff
{L-0034427},08/13/2026 04:33:34,RA0017,PC-1017,Logoff
{L-0033091},08/13/2026 05:12:34,QA0016,PC-1016,Logoff
{L-0021419},08/13/2026 05:13:34,KA0010,PC-1010,Logoff
{L-0006058},08/13/2026 06:03:34,CA0002,PC-1002,Logoff
{L-0012719},08/13/2026 06:48:34,FA0005,PC-1005,Logoff
{L-0017594},08/13/2026 18:15:34,IA0008,PC-1008,Logon
{L-0027377},08/13/2026 18:22:34,NA0013,PC-1013,Logon
{L-0023428},08/13/2026 18:28:34,LA0011,PC-1011,Logon
{L-0025445},08/13/2026 18:59:34,MA0012,PC-1012,Logon
{L-0019447},08/13/2026 19:02:34,JA0009,PC-1009,Logon
{L-0016473},08/13/2026 19:03:34,HA0007,PC-1007,Logon
{L-0029289},08/13/2026 19:12:34,OA0014,PC-1014,Logon
{L-0009132},08/13/2026 19:19:34,DA0003,PC-1003,Logon
{L-0014535},08/13/2026 19:32:34,GA0006,PC-1006,Logon
{L-0003270},08/13/2026 19:34:34,BA0001,PC-1001,Logon
{L-0033124},08/13/2026 19:41:34,QA0016,PC-1016,Logon
{L-0000796},08/13/2026 19:46:34,AA0000,PC-1000,Logon
{L-0006132},08/13/2026 19:57:34,CA0002,PC-1002,Logon
{L-0034455},08/13/2026 20:10:34,RA0017,PC-1017,Logon
{L-0021459},08/13/2026 20:17:34,KA0010,PC-1010,Logon
{L-0011402},08/13/2026 20:35:34,EA0004,PC-1004,Logon
{L-0009133},08/14/2026 03:17:34,DA0003,PC-1003,Logoff
{L-0016474},08/14/2026 03:21:34,HA0007,PC-1007,Logoff
{L-0019448},08/14/2026 03:28:34,JA0009,PC-1009,Logoff
{L-0029290},08/14/2026 03:29:34,OA0014,PC-1014,Logoff
{L-0017595},08/14/2026 03:43:34,IA0008,PC-1008,Logoff
{L-0023429},08/14/2026 03:57:34,LA0011,PC-1011,Logoff
{L-0027378},08/14/2026 03:58:34,NA0013,PC-1013,Logoff
{L-0000797},08/14/2026 04:08:34,AA0000,PC-1000,Logoff
{L-0011403},08/14/2026 04:10:34,EA0004,PC-1004,Logoff
{L-0014536},08/14/2026 04:16:34,GA0006,PC-1006,Logoff
{L-0003271},08/14/2026 04:23:34,BA0001,PC-1001,Logoff
{L-0025446},08/14/2026 04:42:34,MA0012,PC-1012,Logoff
{L-0006133},08/14/2026 04:56:34,CA0002,PC-1002,Logoff
{L-0034456},08/14/2026 05:33:34,RA0017,PC-1017,Logoff
{L-0021460},08/14/2026 05:51:34,KA0010,PC-1010,Logoff
{L-0033125},08/14/2026 06:09:34,QA0016,PC-1016,Logoff
{L-0029346},08/16/2026 18:44:34,OA0014,PC-1014,Logon
{L-0027419},08/16/2026 18:48:34,NA0013,PC-1013,Logon
{L-0014624},08/16/2026 18:57:34,GA0006,PC-1006,Logon
{L-0023484},08/16/2026 18:58:34,LA0011,PC-1011,Logon
{L-0000862},08/16/2026 19:04:34,AA0000,PC-1000,Logon
{L-0025489},08/16/2026 19:06:34,MA0012,PC-1012,Logon
{L-0019515},08/16/2026 19:23:34,JA0009,PC-1009,Logon
{L-0016493},08/16/2026 19:27:34,HA0007,PC-1007,Logon
{L-0009195},08/16/2026 19:29:34,DA0003,PC-1003,Logon
{L-0003327},08/16/2026 19:33:34,BA0001,PC-1001,Logon
{L-0006222},08/16/2026 19:56:34,CA0002,PC-1002,Logon
{L-0021498},08/16/2026 20:07:34,KA0010,PC-1010,Logon
{L-0012761},08/16/2026 20:08:34,FA0005,PC-1005,Logon
{L-0031642},08/16/2026 20:10:34,PA0015,PC-1015,Logon
{L-0033156},08/16/2026 20:15:34,QA0016,PC-1016,Logon
{L-0034479},08/16/2026 20:17:34,RA0017,PC-1017,Logon
{L-0011437},08/16/2026 20:37:34,EA0004,PC-1004,Logon
{L-0029347},08/17/2026 02:55:34,OA0014,PC-1014,Logoff
{L-0019516},08/17/2026 03:08:34,JA0009,PC-1009,Logoff
{L-0000863},08/17/2026 03:23:34,AA0000,PC-1000,Logoff
{L-0014625},08/17/2026 03:42:34,GA0006,PC-1006,Logoff
{L-0003328},08/17/2026 03:45:34,BA0001,PC-1001,Logoff
{L-0031643},08/17/2026 03:56:34,PA0015,PC-1015,Logoff
{L-0009196},08/17/2026 04:09:34,DA0003,PC-1003,Logoff
{L-0025490},08/17/2026 04:11:34,MA0012,PC-1012,Logoff
{L-0016494},08/17/2026 04:36:34,HA0007,PC-1007,Logoff
{L-0023485},08/17/2026 04:42:34,LA0011,PC-1011,Logoff
{L-0027420},08/17/2026 04:54:34,NA0013,PC-1013,Logoff
{L-0011438},08/17/2026 05:16:34,EA0004,PC-1004,Logoff
{L-0034480},08/17/2026 05:23:34,RA0017,PC-1017,Logoff
{L-0033157},08/17/2026 05:32:34,QA0016,PC-1016,Logoff
{L-0021499},08/17/2026 05:45:34,KA0010,PC-1010,Logoff
{L-0012762},08/17/2026 05:54:34,FA0005,PC-1005,Logoff
{L-0006223},08/17/2026 06:01:34,CA0002,PC-1002,Logoff
{L-0023538},08/17/2026 18:30:34,LA0011,PC-1011,Logon
{L-0025527},08/17/2026 18:33:34,MA0012,PC-1012,Logon
{L-0017642},08/17/2026 18:41:34,IA0008,PC-1008,Logon
{L-0029402},08/17/2026 18:43:34,OA0014,PC-1014,Logon
{L-0027456},08/17/2026 18:47:34,NA0013,PC-1013,Logon
{L-0016519},08/17/2026 18:59:34,HA0007,PC-1007,Logon
{L-0000930},08/17/2026 19:22:34,AA0000,PC-1000,Logon
{L-0009246},08/17/2026 19:22:34,DA0003,PC-1003,Logon
{L-0019562},08/17/2026 19:36:34,JA0009,PC-1009,Logon
{L-0014690},08/17/2026 19:40:34,GA0006,PC-1006,Logon
{L-0033203},08/17/2026 19:56:34,QA0016,PC-1016,Logon
{L-0003399},08/17/2026 19:58:34,BA0001,PC-1001,Logon
{L-0012802},08/17/2026 20:02:34,FA0005,PC-1005,Logon
{L-0011467},08/17/2026 20:07:34,EA0004,PC-1004,Logon
{L-0021546},08/17/2026 20:10:34,KA0010,PC-1010,Logon
{L-0034495},08/17/2026 20:10:34,RA0017,PC-1017,Logon
{L-0031681},08/17/2026 20:23:34,PA0015,PC-1015,Logon
{L-0006272},08/17/2026 20:36:34,CA0002,PC-1002,Logon
{L-0017643},08/18/2026 03:01:34,IA0008,PC-1008,Logoff
{L-0029403},08/18/2026 03:11:34,OA0014,PC-1014,Logoff
{L-0019563},08/18/2026 03:23:34,JA0009,PC-1009,Logoff
{L-0016520},08/18/2026 03:35:34,HA0007,PC-1007,Logoff
{L-0000931},08/18/2026 03:48:34,AA0000,PC-1000,Logoff
{L-0025528},08/18/2026 03:51:34,MA0012,PC-1012,Logoff
{L-0009247},08/18/2026 03:53:34,DA0003,PC-1003,Logoff
{L-0011468},08/18/2026 03:53:34,EA0004,PC-1004,Logoff
{L-0014691},08/18/2026 04:08:34,GA0006,PC-1006,Logoff
{L-0023539},08/18/2026 04:31:34,LA0011,PC-1011,Logoff
{L-0031682},08/18/2026 04:40:34,PA0015,PC-1015,Logoff
{L-0003400},08/18/2026 04:53:34,BA0001,PC-1001,Logoff
{L-0027457},08/18/2026 04:58:34,NA0013,PC-1013,Logoff
{L-0012803},08/18/2026 05:30:34,FA0005,PC-1005,Logoff
{L-0034496},08/18/2026 05:37:34,RA0017,PC-1017,Logoff
{L-0021547},08/18/2026 06:08:34,KA0010,PC-1010,Logoff
{L-0033204},08/18/2026 06:14:34,QA0016,PC-1016,Logoff
{L-0006273},08/18/2026 06:22:34,CA0002,PC-1002,Logoff
{L-0017675},08/18/2026 18:07:34,IA0008,PC-1008,Logon
{L-0025601},08/18/2026 18:30:34,MA0012,PC-1012,Logon
{L-0023570},08/18/2026 18:35:34,LA0011,PC-1011,Logon
{L-0016551},08/18/2026 18:51:34,HA0007,PC-1007,Logon
{L-0009291},08/18/2026 19:00:34,DA0003,PC-1003,Logon
{L-0014737},08/18/2026 19:05:34,GA0006,PC-1006,Logon
{L-0019612},08/18/2026 19:17:34,JA0009,PC-1009,Logon
{L-0029473},08/18/2026 19:18:34,OA0014,PC-1014,Logon
{L-0003474},08/18/2026 19:34:34,BA0001,PC-1001,Logon
{L-0000995},08/18/2026 19:38:34,AA0000,PC-1000,Logon
{L-0021602},08/18/2026 19:42:34,KA0010,PC-1010,Logon
{L-0031724},08/18/2026 19:56:34,PA0015,PC-1015,Logon
{L-0011495},08/18/2026 19:58:34,EA0004,PC-1004,Logon
{L-0006346},08/18/2026 20:01:34,CA0002,PC-1002,Logon
{L-0033232},08/18/2026 20:15:34,QA0016,PC-1016,Logon
{L-0034510},08/18/2026 20:35:34,RA0017,PC-1017,Logon
{L-0012836},08/18/2026 20:46:34,FA0005,PC-1005,Logon
{L-0009292},08/19/2026 02:36:34,DA0003,PC-1003,Logoff
{L-0014738},08/19/2026 02:49:34,GA0006,PC-1006,Logoff
{L-0017676},08/19/2026 03:26:34,IA0008,PC-1008,Logoff
{L-0016552},08/19/2026 03:43:34,HA0007,PC-1007,Logoff
{L-0003475},08/19/2026 03:52:34,BA0001,PC-1001,Logoff
{L-0031725},08/19/2026 03:57:34,PA0015,PC-1015,Logoff
{L-0025602},08/19/2026 04:00:34,MA0012,PC-1012,Logoff
{L-0023571},08/19/2026 04:04:34,LA0011,PC-1011,Logoff
{L-0019613},08/19/2026 04:09:34,JA0009,PC-1009,Logoff
{L-0029474},08/19/2026 04:32:34,OA0014,PC-1014,Logoff
{L-0011496},08/19/2026 04:39:34,EA0004,PC-1004,Logoff
{L-0000996},08/19/2026 04:58:34,AA0000,PC-1000,Logoff
{L-0034511},08/19/2026 05:25:34,RA0017,PC-1017,Logoff
{L-0021603},08/19/2026 05:31:34,KA0010,PC-1010,Logoff
{L-0006347},08/19/2026 05:37:34,CA0002,PC-1002,Logoff
{L-0012837},08/19/2026 06:23:34,FA0005,PC-1005,Logoff
{L-0033233},08/19/2026 06:29:34,QA0016,PC-1016,Logoff
{L-0023621},08/19/2026 18:16:34,LA0011,PC-1011,Logon
{L-0025667},08/19/2026 18:30:34,MA0012,PC-1012,Logon
{L-0017719},08/19/2026 18:32:34,IA0008,PC-1008,Logon
{L-0027496},08/19/2026 18:35:34,NA0013,PC-1013,Logon
{L-0009321},08/19/2026 18:50:34,DA0003,PC-1003,Logon
{L-0029533},08/19/2026 18:56:34,OA0014,PC-1014,Logon
{L-0016571},08/19/2026 19:04:34,HA0007,PC-1007,Logon
{L-0014770},08/19/2026 19:17:34,GA0006,PC-1006,Logon
{L-0003512},08/19/2026 19:36:34,BA0001,PC-1001,Logon
{L-0001036},08/19/2026 19:41:34,AA0000,PC-1000,Logon
{L-0019647},08/19/2026 19:46:34,JA0009,PC-1009,Logon
{L-0034532},08/19/2026 19:48:34,RA0017,PC-1017,Logon
{L-0021639},08/19/2026 19:58:34,KA0010,PC-1010,Logon
{L-0033259},08/19/2026 20:01:34,QA0016,PC-1016,Logon
{L-0006421},08/19/2026 20:27:34,CA0002,PC-1002,Logon
{L-0011526},08/19/2026 20:29:34,EA0004,PC-1004,Logon
{L-0031753},08/19/2026 20:31:34,PA0015,PC-1015,Logon
{L-0012859},08/19/2026 20:40:34,FA0005,PC-1005,Logon
{L-0009322},08/20/2026 02:26:34,DA0003,PC-1003,Logoff
{L-0017720},08/20/2026 02:52:34,IA0008,PC-1008,Logoff
{L-0014771},08/20/2026 03:19:34,GA0006,PC-1006,Logoff
{L-0016572},08/20/2026 03:28:34,HA0007,PC-1007,Logoff
{L-0019648},08/20/2026 03:30:34,JA0009,PC-1009,Logoff
{L-0023622},08/20/2026 03:56:34,LA0011,PC-1011,Logoff
{L-0029534},08/20/2026 03:59:34,OA0014,PC-1014,Logoff
{L-0031754},08/20/2026 04:01:34,PA0015,PC-1015,Logoff
{L-0011527},08/20/2026 04:12:34,EA0004,PC-1004,Logoff
{L-0003513},08/20/2026 04:25:34,BA0001,PC-1001,Logoff
{L-0025668},08/20/2026 04:27:34,MA0012,PC-1012,Logoff
{L-0027497},08/20/2026 04:27:34,NA0013,PC-1013,Logoff
{L-0034533},08/20/2026 04:38:34,RA0017,PC-1017,Logoff
{L-0001037},08/20/2026 04:47:34,AA0000,PC-1000,Logoff
{L-0021640},08/20/2026 05:06:34,KA0010,PC-1010,Logoff
{L-0012860},08/20/2026 05:49:34,FA0005,PC-1005,Logoff
{L-0033260},08/20/2026 05:53:34,QA0016,PC-1016,Logoff
{L-0006422},08/20/2026 06:12:34,CA0002,PC-1002,Logoff
{L-0023671},08/20/2026 18:23:34,LA0011,PC-1011,Logon
{L-0025710},08/20/2026 18:37:34,MA0012,PC-1012,Logon
{L-0017761},08/20/2026 18:41:34,IA0008,PC-1008,Logon
{L-0029595},08/20/2026 18:45:34,OA0014,PC-1014,Logon
{L-0027517},08/20/2026 18:47:34,NA0013,PC-1013,Logon
{L-0001095},08/20/2026 19:05:34,AA0000,PC-1000,Logon
{L-0014837},08/20/2026 19:13:34,GA0006,PC-1006,Logon
{L-0019686},08/20/2026 19:15:34,JA0009,PC-1009,Logon
{L-0009392},08/20/2026 19:20:34,DA0003,PC-1003,Logon
{L-0016592},08/20/2026 19:28:34,HA0007,PC-1007,Logon
{L-0021678},08/20/2026 19:33:34,KA0010,PC-1010,Logon
{L-0003575},08/20/2026 19:35:34,BA0001,PC-1001,Logon
{L-0031777},08/20/2026 19:47:34,PA0015,PC-1015,Logon
{L-0033292},08/20/2026 19:48:34,QA0016,PC-1016,Logon
{L-0012895},08/20/2026 19:58:34,FA0005,PC-1005,Logon
{L-0006480},08/20/2026 20:06:34,CA0002,PC-1002,Logon
{L-0011555},08/20/2026 20:16:34,EA0004,PC-1004,Logon
{L-0034556},08/20/2026 20:23:34,RA0017,PC-1017,Logon
{L-0029596},08/21/2026 02:53:34,OA0014,PC-1014,Logoff
{L-0017762},08/21/2026 03:02:34,IA0008,PC-1008,Logoff
{L-0019687},08/21/2026 03:11:34,JA0009,PC-1009,Logoff
{L-0009393},08/21/2026 03:18:34,DA0003,PC-1003,Logoff
{L-0014838},08/21/2026 03:28:34,GA0006,PC-1006,Logoff
{L-0016593},08/21/2026 03:45:34,HA0007,PC-1007,Logoff
{L-0031778},08/21/2026 03:56:34,PA0015,PC-1015,Logoff
{L-0003576},08/21/2026 03:57:34,BA0001,PC-1001,Logoff
{L-0025711},08/21/2026 03:57:34,MA0012,PC-1012,Logoff
{L-0001096},08/21/2026 03:58:34,AA0000,PC-1000,Logoff
{L-0023672},08/21/2026 04:12:34,LA0011,PC-1011,Logoff
{L-0021679},08/21/2026 04:46:34,KA0010,PC-1010,Logoff
{L-0011556},08/21/2026 04:57:34,EA0004,PC-1004,Logoff
{L-0027518},08/21/2026 05:13:34,NA0013,PC-1013,Logoff
{L-0034557},08/21/2026 05:21:34,RA0017,PC-1017,Logoff
{L-0006481},08/21/2026 05:23:34,CA0002,PC-1002,Logoff
{L-0033293},08/21/2026 05:33:34,QA0016,PC-1016,Logoff
{L-0012896},08/21/2026 05:58:34,FA0005,PC-1005,Logoff
{L-0017805},08/23/2026 18:20:34,IA0008,PC-1008,Logon
{L-0023707},08/23/2026 18:20:34,LA0011,PC-1011,Logon
{L-0009450},08/23/2026 18:42:34,DA0003,PC-1003,Logon
{L-0029651},08/23/2026 18:45:34,OA0014,PC-1014,Logon
{L-0027553},08/23/2026 18:49:34,NA0013,PC-1013,Logon
{L-0016619},08/23/2026 19:07:34,HA0007,PC-1007,Logon
{L-0014879},08/23/2026 19:15:34,GA0006,PC-1006,Logon
{L-0019750},08/23/2026 19:26:34,JA0009,PC-1009,Logon
{L-0003643},08/23/2026 19:41:34,BA0001,PC-1001,Logon
{L-0001146},08/23/2026 19:49:34,AA0000,PC-1000,Logon
{L-0033331},08/23/2026 19:57:34,QA0016,PC-1016,Logon
{L-0034579},08/23/2026 19:58:34,RA0017,PC-1017,Logon
{L-0031820},08/23/2026 20:16:34,PA0015,PC-1015,Logon
{L-0011582},08/23/2026 20:20:34,EA0004,PC-1004,Logon
{L-0021737},08/23/2026 20:20:34,KA0010,PC-1010,Logon
{L-0012922},08/23/2026 20:23:34,FA0005,PC-1005,Logon
{L-0006544},08/23/2026 20:27:34,CA0002,PC-1002,Logon
{L-0016620},08/24/2026 03:06:34,HA0007,PC-1007,Logoff
{L-0009451},08/24/2026 03:30:34,DA0003,PC-1003,Logoff
{L-0029652},08/24/2026 03:31:34,OA0014,PC-1014,Logoff
{L-0017806},08/24/2026 03:35:34,IA0008,PC-1008,Logoff
{L-0014880},08/24/2026 03:40:34,GA0006,PC-1006,Logoff
{L-0011583},08/24/2026 04:15:34,EA0004,PC-1004,Logoff
{L-0023708},08/24/2026 04:17:34,LA0011,PC-1011,Logoff
{L-0019751},08/24/2026 04:18:34,JA0009,PC-1009,Logoff
{L-0027554},08/24/2026 04:26:34,NA0013,PC-1013,Logoff
{L-0031821},08/24/2026 04:41:34,PA0015,PC-1015,Logoff
{L-0003644},08/24/2026 04:44:34,BA0001,PC-1001,Logoff
{L-0001147},08/24/2026 04:48:34,AA0000,PC-1000,Logoff
{L-0034580},08/24/2026 05:26:34,RA0017,PC-1017,Logoff
{L-0033332},08/24/2026 05:33:34,QA0016,PC-1016,Logoff
{L-0012923},08/24/2026 05:48:34,FA0005,PC-1005,Logoff
{L-0021738},08/24/2026 05:54:34,KA0010,PC-1010,Logoff
{L-0006545},08/24/2026 06:31:34,CA0002,PC-1002,Logoff
{L-0023759},08/24/2026 18:27:34,LA0011,PC-1011,Logon
{L-0025761},08/24/2026 18:29:34,MA0012,PC-1012,Logon
{L-0017849},08/24/2026 18:33:34,IA0008,PC-1008,Logon
{L-0027587},08/24/2026 18:43:34,NA0013,PC-1013,Logon
{L-0009535},08/24/2026 19:08:34,DA0003,PC-1003,Logon
{L-0016649},08/24/2026 19:12:34,HA0007,PC-1007,Logon
{L-0014947},08/24/2026 19:14:34,GA0006,PC-1006,Logon
{L-0029724},08/24/2026 19:23:34,OA0014,PC-1014,Logon
{L-0001208},08/24/2026 19:28:34,AA0000,PC-1000,Logon
{L-0021774},08/24/2026 19:35:34,KA0010,PC-1010,Logon
{L-0003715},08/24/2026 19:39:34,BA0001,PC-1001,Logon
{L-0019796},08/24/2026 19:40:34,JA0009,PC-1009,Logon
{L-0033372},08/24/2026 19:45:34,QA0016,PC-1016,Logon
{L-0011609},08/24/2026 20:09:34,EA0004,PC-1004,Logon
{L-0034609},08/24/2026 20:21:34,RA0017,PC-1017,Logon
{L-0006606},08/24/2026 20:22:34,CA0002,PC-1002,Logon
{L-0031861},08/24/2026 20:32:34,PA0015,PC-1015,Logon
{L-0012953},08/24/2026 20:39:34,FA0005,PC-1005,Logon
{L-0017850},08/25/2026 02:54:34,IA0008,PC-1008,Logoff
{L-0014948},08/25/2026 03:10:34,GA0006,PC-1006,Logoff
{L-0016650},08/25/2026 03:34:34,HA0007,PC-1007,Logoff
{L-0029725},08/25/2026 03:38:34,OA0014,PC-1014,Logoff
{L-0001209},08/25/2026 03:49:34,AA0000,PC-1000,Logoff
{L-0009536},08/25/2026 03:54:34,DA0003,PC-1003,Logoff
{L-0031862},08/25/2026 04:05:34,PA0015,PC-1015,Logoff
{L-0011610},08/25/2026 04:12:34,EA0004,PC-1004,Logoff
{L-0003716},08/25/2026 04:13:34,BA0001,PC-1001,Logoff
{L-0019797},08/25/2026 04:17:34,JA0009,PC-1009,Logoff
{L-0025762},08/25/2026 04:28:34,MA0012,PC-1012,Logoff
{L-0027588},08/25/2026 04:30:34,NA0013,PC-1013,Logoff
{L-0023760},08/25/2026 04:36:34,LA0011,PC-1011,Logoff
{L-0034610},08/25/2026 04:54:34,RA0017,PC-1017,Logoff
{L-0021775},08/25/2026 05:02:34,KA0010,PC-1010,Logoff
{L-0033373},08/25/2026 05:59:34,QA0016,PC-1016,Logoff
{L-0006607},08/25/2026 06:26:34,CA0002,PC-1002,Logoff
{L-0012954},08/25/2026 06:57:34,FA0005,PC-1005,Logoff
{L-0017892},08/25/2026 18:26:34,IA0008,PC-1008,Logon
{L-0023794},08/25/2026 18:42:34,LA0011,PC-1011,Logon
{L-0027624},08/25/2026 18:48:34,NA0013,PC-1013,Logon
{L-0009597},08/25/2026 18:55:34,DA0003,PC-1003,Logon
{L-0016676},08/25/2026 19:11:34,HA0007,PC-1007,Logon
{L-0014974},08/25/2026 19:12:34,GA0006,PC-1006,Logon
{L-0025790},08/25/2026 19:15:34,MA0012,PC-1012,Logon
{L-0029773},08/25/2026 19:16:34,OA0014,PC-1014,Logon
{L-0019852},08/25/2026 19:20:34,JA0009,PC-1009,Logon
{L-0001266},08/25/2026 19:25:34,AA0000,PC-1000,Logon
{L-0021818},08/25/2026 19:34:34,KA0010,PC-1010,Logon
{L-0003782},08/25/2026 19:39:34,BA0001,PC-1001,Logon
{L-0034634},08/25/2026 19:55:34,RA0017,PC-1017,Logon
{L-0011631},08/25/2026 19:58:34,EA0004,PC-1004,Logon
{L-0031896},08/25/2026 20:01:34,PA0015,PC-1015,Logon
{L-0012990},08/25/2026 20:10:34,FA0005,PC-1005,Logon
{L-0006674},08/25/2026 20:12:34,CA0002,PC-1002,Logon
{L-0033406},08/25/2026 20:16:34,QA0016,PC-1016,Logon
{L-0019853},08/26/2026 02:56:34,JA0009,PC-1009,Logoff
{L-0014975},08/26/2026 03:16:34,GA0006,PC-1006,Logoff
{L-0011632},08/26/2026 03:24:34,EA0004,PC-1004,Logoff
{L-0009598},08/26/2026 03:37:34,DA0003,PC-1003,Logoff
{L-0017893},08/26/2026 03:45:34,IA0008,PC-1008,Logoff
{L-0031897},08/26/2026 04:07:34,PA0015,PC-1015,Logoff
{L-0001267},08/26/2026 04:08:34,AA0000,PC-1000,Logoff
{L-0023795},08/26/2026 04:14:34,LA0011,PC-1011,Logoff
{L-0016677},08/26/2026 04:17:34,HA0007,PC-1007,Logoff
{L-0027625},08/26/2026 04:26:34,NA0013,PC-1013,Logoff
{L-0029774},08/26/2026 04:26:34,OA0014,PC-1014,Logoff
{L-0021819},08/26/2026 04:34:34,KA0010,PC-1010,Logoff
{L-0025791},08/26/2026 04:39:34,MA0012,PC-1012,Logoff
{L-0003783},08/26/2026 04:48:34,BA0001,PC-1001,Logoff
{L-0034635},08/26/2026 05:10:34,RA0017,PC-1017,Logoff
{L-0012991},08/26/2026 05:33:34,FA0005,PC-1005,Logoff
{L-0006675},08/26/2026 05:35:34,CA0002,PC-1002,Logoff
{L-0033407},08/26/2026 06:37:34,QA0016,PC-1016,Logoff
{L-0023844},08/26/2026 18:14:34,LA0011,PC-1011,Logon
{L-0017940},08/26/2026 18:15:34,IA0008,PC-1008,Logon
{L-0029830},08/26/2026 18:42:34,OA0014,PC-1014,Logon
{L-0009672},08/26/2026 18:44:34,DA0003,PC-1003,Logon
{L-0025828},08/26/2026 18:46:34,MA0012,PC-1012,Logon
{L-0027669},08/26/2026 18:46:34,NA0013,PC-1013,Logon
{L-0016697},08/26/2026 18:58:34,HA0007,PC-1007,Logon
{L-0015033},08/26/2026 19:07:34,GA0006,PC-1006,Logon
{L-0019907},08/26/2026 19:25:34,JA0009,PC-1009,Logon
{L-0001311},08/26/2026 19:29:34,AA0000,PC-1000,Logon
{L-0033436},08/26/2026 19:33:34,QA0016,PC-1016,Logon
{L-0006763},08/26/2026 20:01:34,CA0002,PC-1002,Logon
{L-0011656},08/26/2026 20:02:34,EA0004,PC-1004,Logon
{L-0034663},08/26/2026 20:08:34,RA0017,PC-1017,Logon
{L-0021864},08/26/2026 20:10:34,KA0010,PC-1010,Logon
{L-0013028},08/26/2026 20:20:34,FA0005,PC-1005,Logon
{L-0031929},08/26/2026 20:35:34,PA0015,PC-1015,Logon
{L-0017941},08/27/2026 02:44:34,IA0008,PC-1008,Logoff
{L-0029831},08/27/2026 03:11:34,OA0014,PC-1014,Logoff
{L-0009673},08/27/2026 03:22:34,DA0003,PC-1003,Logoff
{L-0011657},08/27/2026 03:37:34,EA0004,PC-1004,Logoff
{L-0015034},08/27/2026 03:43:34,GA0006,PC-1006,Logoff
{L-0016698},08/27/2026 03:45:34,HA0007,PC-1007,Logoff
{L-0025829},08/27/2026 04:03:34,MA0012,PC-1012,Logoff
{L-0019908},08/27/2026 04:08:34,JA0009,PC-1009,Logoff
{L-0031930},08/27/2026 04:08:34,PA0015,PC-1015,Logoff
{L-0034664},08/27/2026 04:20:34,RA0017,PC-1017,Logoff
{L-0001312},08/27/2026 04:26:34,AA0000,PC-1000,Logoff
{L-0023845},08/27/2026 04:41:34,LA0011,PC-1011,Logoff
{L-0033437},08/27/2026 05:00:34,QA0016,PC-1016,Logoff
{L-0027670},08/27/2026 05:01:34,NA0013,PC-1013,Logoff
{L-0006764},08/27/2026 05:11:34,CA0002,PC-1002,Logoff
{L-0021865},08/27/2026 05:45:34,KA0010,PC-1010,Logoff
{L-0013029},08/27/2026 06:13:34,FA0005,PC-1005,Logoff
{L-0017984},08/27/2026 18:24:34,IA0008,PC-1008,Logon
{L-0025873},08/27/2026 18:33:34,MA0012,PC-1012,Logon
{L-0023907},08/27/2026 18:38:34,LA0011,PC-1011,Logon
{L-0015088},08/27/2026 18:58:34,GA0006,PC-1006,Logon
{L-0009739},08/27/2026 19:01:34,DA0003,PC-1003,Logon
{L-0029880},08/27/2026 19:02:34,OA0014,PC-1014,Logon
{L-0001362},08/27/2026 19:35:34,AA0000,PC-1000,Logon
{L-0016721},08/27/2026 19:36:34,HA0007,PC-1007,Logon
{L-0003836},08/27/2026 19:45:34,BA0001,PC-1001,Logon
{L-0033473},08/27/2026 19:47:34,QA0016,PC-1016,Logon
{L-0021901},08/27/2026 19:51:34,KA0010,PC-1010,Logon
{L-0011689},08/27/2026 19:52:34,EA0004,PC-1004,Logon
{L-0031963},08/27/2026 20:07:34,PA0015,PC-1015,Logon
{L-0006845},08/27/2026 20:12:34,CA0002,PC-1002,Logon
{L-0013059},08/27/2026 20:14:34,FA0005,PC-1005,Logon
{L-0034696},08/27/2026 20:34:34,RA0017,PC-1017,Logon
{L-0015089},08/28/2026 03:05:34,GA0006,PC-1006,Logoff
{L-0009740},08/28/2026 03:20:34,DA0003,PC-1003,Logoff
{L-0017985},08/28/2026 03:36:34,IA0008,PC-1008,Logoff
{L-0011690},08/28/2026 03:47:34,EA0004,PC-1004,Logoff
{L-0029881},08/28/2026 04:08:34,OA0014,PC-1014,Logoff
{L-0003837},08/28/2026 04:14:34,BA0001,PC-1001,Logoff
{L-0031964},08/28/2026 04:23:34,PA0015,PC-1015,Logoff
{L-0016722},08/28/2026 04:28:34,HA0007,PC-1007,Logoff
{L-0025874},08/28/2026 04:30:34,MA0012,PC-1012,Logoff
{L-0001363},08/28/2026 04:40:34,AA0000,PC-1000,Logoff
{L-0023908},08/28/2026 05:06:34,LA0011,PC-1011,Logoff
{L-0006846},08/28/2026 05:07:34,CA0002,PC-1002,Logoff
{L-0021902},08/28/2026 05:12:34,KA0010,PC-1010,Logoff
{L-0033474},08/28/2026 05:15:34,QA0016,PC-1016,Logoff
{L-0034697},08/28/2026 05:18:34,RA0017,PC-1017,Logoff
{L-0013060},08/28/2026 05:43:34,FA0005,PC-1005,Logoff
{L-0023947},08/30/2026 18:29:34,LA0011,PC-1011,Logon
{L-0025920},08/30/2026 18:38:34,MA0012,PC-1012,Logon
{L-0027711},08/30/2026 18:46:34,NA0013,PC-1013,Logon
{L-0009810},08/30/2026 18:51:34,DA0003,PC-1003,Logon
{L-0018021},08/30/2026 18:51:34,IA0008,PC-1008,Logon
{L-0029970},08/30/2026 18:53:34,OA0014,PC-1014,Logon
{L-0019951},08/30/2026 19:00:34,JA0009,PC-1009,Logon
{L-0015125},08/30/2026 19:08:34,GA0006,PC-1006,Logon
{L-0001412},08/30/2026 19:35:34,AA0000,PC-1000,Logon
{L-0016743},08/30/2026 19:37:34,HA0007,PC-1007,Logon
{L-0034716},08/30/2026 19:47:34,RA0017,PC-1017,Logon
{L-0011726},08/30/2026 19:49:34,EA0004,PC-1004,Logon
{L-0021946},08/30/2026 19:57:34,KA0010,PC-1010,Logon
{L-0013085},08/30/2026 20:02:34,FA0005,PC-1005,Logon
{L-0003888},08/30/2026 20:03:34,BA0001,PC-1001,Logon
{L-0033505},08/30/2026 20:05:34,QA0016,PC-1016,Logon
{L-0006913},08/30/2026 20:29:34,CA0002,PC-1002,Logon
{L-0032007},08/30/2026 20:30:34,PA0015,PC-1015,Logon
{L-0009811},08/31/2026 02:25:34,DA0003,PC-1003,Logoff
{L-0015126},08/31/2026 03:22:34,GA0006,PC-1006,Logoff
{L-0019952},08/31/2026 03:42:34,JA0009,PC-1009,Logoff
{L-0016744},08/31/2026 03:53:34,HA0007,PC-1007,Logoff
{L-0001413},08/31/2026 03:54:34,AA0000,PC-1000,Logoff
{L-0034717},08/31/2026 04:06:34,RA0017,PC-1017,Logoff
{L-0029971},08/31/2026 04:08:34,OA0014,PC-1014,Logoff
{L-0011727},08/31/2026 04:14:34,EA0004,PC-1004,Logoff
{L-0018022},08/31/2026 04:19:34,IA0008,PC-1008,Logoff
{L-0032008},08/31/2026 04:22:34,PA0015,PC-1015,Logoff
{L-0021947},08/31/2026 04:42:34,KA0010,PC-1010,Logoff
{L-0025921},08/31/2026 04:43:34,MA0012,PC-1012,Logoff
{L-0027712},08/31/2026 04:58:34,NA0013,PC-1013,Logoff
{L-0023948},08/31/2026 05:00:34,LA0011,PC-1011,Logoff
{L-0003889},08/31/2026 05:18:34,BA0001,PC-1001,Logoff
{L-0033506},08/31/2026 05:24:34,QA0016,PC-1016,Logoff
{L-0013086},08/31/2026 06:02:34,FA0005,PC-1005,Logoff
{L-0006914},08/31/2026 06:14:34,CA0002,PC-1002,Logoff
{L-0027760},08/31/2026 18:29:34,NA0013,PC-1013,Logon
{L-0018060},08/31/2026 18:30:34,IA0008,PC-1008,Logon
{L-0015195},08/31/2026 19:01:34,GA0006,PC-1006,Logon
{L-0023976},08/31/2026 19:01:34,LA0011,PC-1011,Logon
{L-0001478},08/31/2026 19:06:34,AA0000,PC-1000,Logon
{L-0016762},08/31/2026 19:06:34,HA0007,PC-1007,Logon
{L-0025974},08/31/2026 19:08:34,MA0012,PC-1012,Logon
{L-0009879},08/31/2026 19:11:34,DA0003,PC-1003,Logon
{L-0030033},08/31/2026 19:24:34,OA0014,PC-1014,Logon
{L-0003937},08/31/2026 19:48:34,BA0001,PC-1001,Logon
{L-0011750},08/31/2026 19:56:34,EA0004,PC-1004,Logon
{L-0013124},08/31/2026 20:07:34,FA0005,PC-1005,Logon
{L-0021975},08/31/2026 20:09:34,KA0010,PC-1010,Logon
{L-0006999},08/31/2026 20:12:34,CA0002,PC-1002,Logon
{L-0032037},08/31/2026 20:17:34,PA0015,PC-1015,Logon
{L-0033536},08/31/2026 20:17:34,QA0016,PC-1016,Logon
{L-0034748},08/31/2026 20:36:34,RA0017,PC-1017,Logon
{L-0018061},09/01/2026 03:21:34,IA0008,PC-1008,Logoff
{L-0015196},09/01/2026 03:31:34,GA0006,PC-1006,Logoff
{L-0030034},09/01/2026 03:32:34,OA0014,PC-1014,Logoff
{L-0009880},09/01/2026 03:42:34,DA0003,PC-1003,Logoff
{L-0016763},09/01/2026 03:52:34,HA0007,PC-1007,Logoff
{L-0011751},09/01/2026 04:03:34,EA0004,PC-1004,Logoff
{L-0001479},09/01/2026 04:04:34,AA0000,PC-1000,Logoff
{L-0032038},09/01/2026 04:06:34,PA0015,PC-1015,Logoff
{L-0003938},09/01/2026 04:29:34,BA0001,PC-1001,Logoff
{L-0027761},09/01/2026 04:53:34,NA0013,PC-1013,Logoff
{L-0023977},09/01/2026 04:55:34,LA0011,PC-1011,Logoff
{L-0025975},09/01/2026 04:57:34,MA0012,PC-1012,Logoff
{L-0034749},09/01/2026 05:11:34,RA0017,PC-1017,Logoff
{L-0013125},09/01/2026 05:13:34,FA0005,PC-1005,Logoff
{L-0007000},09/01/2026 05:40:34,CA0002,PC-1002,Logoff
{L-0033537},09/01/2026 05:47:34,QA0016,PC-1016,Logoff
{L-0021976},09/01/2026 06:07:34,KA0010,PC-1010,Logoff
{L-0018111},09/01/2026 18:20:34,IA0008,PC-1008,Logon
{L-0024027},09/01/2026 18:23:34,LA0011,PC-1011,Logon
{L-0027802},09/01/2026 18:40:34,NA0013,PC-1013,Logon
{L-0026015},09/01/2026 18:41:34,MA0012,PC-1012,Logon
{L-0030106},09/01/2026 19:06:34,OA0014,PC-1014,Logon
{L-0016780},09/01/2026 19:10:34,HA0007,PC-1007,Logon
{L-0001535},09/01/2026 19:20:34,AA0000,PC-1000,Logon
{L-0003988},09/01/2026 19:21:34,BA0001,PC-1001,Logon
{L-0015244},09/01/2026 19:25:34,GA0006,PC-1006,Logon
{L-0009933},09/01/2026 19:26:34,DA0003,PC-1003,Logon
{L-0020009},09/01/2026 19:26:34,JA0009,PC-1009,Logon
{L-0022012},09/01/2026 19:39:34,KA0010,PC-1010,Logon
{L-0033569},09/01/2026 20:01:34,QA0016,PC-1016,Logon
{L-0011770},09/01/2026 20:11:34,EA0004,PC-1004,Logon
{L-0032076},09/01/2026 20:19:34,PA0015,PC-1015,Logon
{L-0034759},09/01/2026 20:27:34,RA0017,PC-1017,Logon
{L-0013151},09/01/2026 20:33:34,FA0005,PC-1005,Logon
{L-0007096},09/01/2026 20:40:34,CA0002,PC-1002,Logon
{L-0015245},09/02/2026 03:11:34,GA0006,PC-1006,Logoff
{L-0020010},09/02/2026 03:17:34,JA0009,PC-1009,Logoff
{L-0030107},09/02/2026 03:22:34,OA0014,PC-1014,Logoff
{L-0016781},09/02/2026 03:39:34,HA0007,PC-1007,Logoff
{L-0018112},09/02/2026 03:44:34,IA0008,PC-1008,Logoff
{L-0003989},09/02/2026 03:51:34,BA0001,PC-1001,Logoff
{L-0027803},09/02/2026 03:53:34,NA0013,PC-1013,Logoff
{L-0001536},09/02/2026 03:56:34,AA0000,PC-1000,Logoff
{L-0009934},09/02/2026 03:58:34,DA0003,PC-1003,Logoff
{L-0026016},09/02/2026 04:27:34,MA0012,PC-1012,Logoff
{L-0032077},09/02/2026 04:30:34,PA0015,PC-1015,Logoff
{L-0024028},09/02/2026 04:42:34,LA0011,PC-1011,Logoff
{L-0022013},09/02/2026 04:43:34,KA0010,PC-1010,Logoff
{L-0011771},09/02/2026 04:46:34,EA0004,PC-1004,Logoff
{L-0034760},09/02/2026 05:07:34,RA0017,PC-1017,Logoff
{L-0013152},09/02/2026 05:56:34,FA0005,PC-1005,Logoff
{L-0033570},09/02/2026 06:10:34,QA0016,PC-1016,Logoff
{L-0007097},09/02/2026 06:21:34,CA0002,PC-1002,Logoff
{L-0026050},09/02/2026 18:36:34,MA0012,PC-1012,Logon
{L-0018155},09/02/2026 18:37:34,IA0008,PC-1008,Logon
{L-0024059},09/02/2026 18:39:34,LA0011,PC-1011,Logon
{L-0027839},09/02/2026 18:45:34,NA0013,PC-1013,Logon
{L-0030154},09/02/2026 18:47:34,OA0014,PC-1014,Logon
{L-0016797},09/02/2026 18:54:34,HA0007,PC-1007,Logon
{L-0010002},09/02/2026 18:59:34,DA0003,PC-1003,Logon
{L-0015316},09/02/2026 19:37:34,GA0006,PC-1006,Logon
{L-0020062},09/02/2026 19:37:34,JA0009,PC-1009,Logon
{L-0022060},09/02/2026 19:47:34,KA0010,PC-1010,Logon
{L-0034782},09/02/2026 19:52:34,RA0017,PC-1017,Logon
{L-0004047},09/02/2026 19:54:34,BA0001,PC-1001,Logon
{L-0032110},09/02/2026 20:11:34,PA0015,PC-1015,Logon
{L-0033612},09/02/2026 20:14:34,QA0016,PC-1016,Logon
{L-0011793},09/02/2026 20:16:34,EA0004,PC-1004,Logon
{L-0007187},09/02/2026 20:27:34,CA0002,PC-1002,Logon
{L-0013191},09/02/2026 20:39:34,FA0005,PC-1005,Logon
{L-0010003},09/03/2026 03:04:34,DA0003,PC-1003,Logoff
{L-0016798},09/03/2026 03:35:34,HA0007,PC-1007,Logoff
{L-0015317},09/03/2026 03:39:34,GA0006,PC-1006,Logoff
{L-0030155},09/03/2026 03:48:34,OA0014,PC-1014,Logoff
{L-0024060},09/03/2026 03:55:34,LA0011,PC-1011,Logoff
{L-0018156},09/03/2026 04:16:34,IA0008,PC-1008,Logoff
{L-0034783},09/03/2026 04:21:34,RA0017,PC-1017,Logoff
{L-0026051},09/03/2026 04:25:34,MA0012,PC-1012,Logoff
{L-0020063},09/03/2026 04:27:34,JA0009,PC-1009,Logoff
{L-0011794},09/03/2026 04:29:34,EA0004,PC-1004,Logoff
{L-0022061},09/03/2026 04:31:34,KA0010,PC-1010,Logoff
{L-0004048},09/03/2026 04:48:34,BA0001,PC-1001,Logoff
{L-0032111},09/03/2026 04:49:34,PA0015,PC-1015,Logoff
{L-0027840},09/03/2026 05:14:34,NA0013,PC-1013,Logoff
{L-0007188},09/03/2026 05:49:34,CA0002,PC-1002,Logoff
{L-0013192},09/03/2026 05:51:34,FA0005,PC-1005,Logoff
{L-0033613},09/03/2026 05:59:34,QA0016,PC-1016,Logoff
{L-0018183},09/03/2026 18:29:34,IA0008,PC-1008,Logon
{L-0024114},09/03/2026 18:49:34,LA0011,PC-1011,Logon
{L-0010069},09/03/2026 18:53:34,DA0003,PC-1003,Logon
{L-0026091},09/03/2026 18:57:34,MA0012,PC-1012,Logon
{L-0027877},09/03/2026 18:57:34,NA0013,PC-1013,Logon
{L-0015379},09/03/2026 19:08:34,GA0006,PC-1006,Logon
{L-0001605},09/03/2026 19:10:34,AA0000,PC-1000,Logon
{L-0030217},09/03/2026 19:11:34,OA0014,PC-1014,Logon
{L-0016818},09/03/2026 19:30:34,HA0007,PC-1007,Logon
{L-0033629},09/03/2026 19:33:34,QA0016,PC-1016,Logon
{L-0020097},09/03/2026 19:46:34,JA0009,PC-1009,Logon
{L-0007256},09/03/2026 19:58:34,CA0002,PC-1002,Logon
{L-0032165},09/03/2026 19:58:34,PA0015,PC-1015,Logon
{L-0004103},09/03/2026 20:00:34,BA0001,PC-1001,Logon
{L-0022106},09/03/2026 20:01:34,KA0010,PC-1010,Logon
{L-0011816},09/03/2026 20:20:34,EA0004,PC-1004,Logon
{L-0034809},09/03/2026 20:34:34,RA0017,PC-1017,Logon
{L-0013221},09/03/2026 20:47:34,FA0005,PC-1005,Logon
{L-0010070},09/04/2026 02:37:34,DA0003,PC-1003,Logoff
{L-0015380},09/04/2026 02:59:34,GA0006,PC-1006,Logoff
{L-0001606},09/04/2026 03:31:34,AA0000,PC-1000,Logoff
{L-0016819},09/04/2026 03:32:34,HA0007,PC-1007,Logoff
{L-0020098},09/04/2026 03:54:34,JA0009,PC-1009,Logoff
{L-0018184},09/04/2026 03:55:34,IA0008,PC-1008,Logoff
{L-0024115},09/04/2026 04:15:34,LA0011,PC-1011,Logoff
{L-0030218},09/04/2026 04:22:34,OA0014,PC-1014,Logoff
{L-0032166},09/04/2026 04:22:34,PA0015,PC-1015,Logoff
{L-0026092},09/04/2026 04:24:34,MA0012,PC-1012,Logoff
{L-0011817},09/04/2026 04:45:34,EA0004,PC-1004,Logoff
{L-0027878},09/04/2026 04:50:34,NA0013,PC-1013,Logoff
{L-0022107},09/04/2026 04:51:34,KA0010,PC-1010,Logoff
{L-0007257},09/04/2026 05:06:34,CA0002,PC-1002,Logoff
{L-0033630},09/04/2026 05:12:34,QA0016,PC-1016,Logoff
{L-0004104},09/04/2026 05:18:34,BA0001,PC-1001,Logoff
{L-0034810},09/04/2026 05:30:34,RA0017,PC-1017,Logoff
{L-0013222},09/04/2026 06:41:34,FA0005,PC-1005,Logoff
{L-0027916},09/06/2026 18:14:34,NA0013,PC-1013,Logon
{L-0018238},09/06/2026 18:27:34,IA0008,PC-1008,Logon
{L-0026149},09/06/2026 18:34:34,MA0012,PC-1012,Logon
{L-0030282},09/06/2026 18:49:34,OA0014,PC-1014,Logon
{L-0024149},09/06/2026 19:02:34,LA0011,PC-1011,Logon
{L-0016838},09/06/2026 19:09:34,HA0007,PC-1007,Logon
{L-0010146},09/06/2026 19:10:34,DA0003,PC-1003,Logon
{L-0015399},09/06/2026 19:15:34,GA0006,PC-1006,Logon
{L-0020145},09/06/2026 19:15:34,JA0009,PC-1009,Logon
{L-0004161},09/06/2026 19:32:34,BA0001,PC-1001,Logon
{L-0033664},09/06/2026 19:38:34,QA0016,PC-1016,Logon
{L-0034830},09/06/2026 19:57:34,RA0017,PC-1017,Logon
{L-0022149},09/06/2026 20:08:34,KA0010,PC-1010,Logon
{L-0032211},09/06/2026 20:28:34,PA0015,PC-1015,Logon
{L-0011846},09/06/2026 20:33:34,EA0004,PC-1004,Logon
{L-0007342},09/06/2026 20:44:34,CA0002,PC-1002,Logon
{L-0013265},09/06/2026 20:45:34,FA0005,PC-1005,Logon
{L-0016839},09/07/2026 03:14:34,HA0007,PC-1007,Logoff
{L-0010147},09/07/2026 03:17:34,DA0003,PC-1003,Logoff
{L-0026150},09/07/2026 03:53:34,MA0012,PC-1012,Logoff
{L-0015400},09/07/2026 03:56:34,GA0006,PC-1006,Logoff
{L-0020146},09/07/2026 03:57:34,JA0009,PC-1009,Logoff
{L-0030283},09/07/2026 04:00:34,OA0014,PC-1014,Logoff
{L-0018239},09/07/2026 04:01:34,IA0008,PC-1008,Logoff
{L-0011847},09/07/2026 04:13:34,EA0004,PC-1004,Logoff
{L-0027917},09/07/2026 04:20:34,NA0013,PC-1013,Logoff
{L-0004162},09/07/2026 04:27:34,BA0001,PC-1001,Logoff
{L-0022150},09/07/2026 04:49:34,KA0010,PC-1010,Logoff
{L-0032212},09/07/2026 05:11:34,PA0015,PC-1015,Logoff
{L-0034831},09/07/2026 05:19:34,RA0017,PC-1017,Logoff
{L-0024150},09/07/2026 05:21:34,LA0011,PC-1011,Logoff
{L-0033665},09/07/2026 05:38:34,QA0016,PC-1016,Logoff
{L-0007343},09/07/2026 05:45:34,CA0002,PC-1002,Logoff
{L-0013266},09/07/2026 06:14:34,FA0005,PC-1005,Logoff
{L-0027955},09/07/2026 18:17:34,NA0013,PC-1013,Logon
{L-0026187},09/07/2026 18:43:34,MA0012,PC-1012,Logon
{L-0018268},09/07/2026 18:49:34,IA0008,PC-1008,Logon
{L-0024196},09/07/2026 18:53:34,LA0011,PC-1011,Logon
{L-0010209},09/07/2026 19:04:34,DA0003,PC-1003,Logon
{L-0030337},09/07/2026 19:05:34,OA0014,PC-1014,Logon
{L-0020180},09/07/2026 19:26:34,JA0009,PC-1009,Logon
{L-0004226},09/07/2026 19:30:34,BA0001,PC-1001,Logon
{L-0015454},09/07/2026 19:30:34,GA0006,PC-1006,Logon
{L-0022196},09/07/2026 19:44:34,KA0010,PC-1010,Logon
{L-0001661},09/07/2026 19:51:34,AA0000,PC-1000,Logon
{L-0034853},09/07/2026 20:00:34,RA0017,PC-1017,Logon
{L-0033684},09/07/2026 20:04:34,QA0016,PC-1016,Logon
{L-0013296},09/07/2026 20:14:34,FA0005,PC-1005,Logon
{L-0011880},09/07/2026 20:34:34,EA0004,PC-1004,Logon
{L-0007413},09/07/2026 20:38:34,CA0002,PC-1002,Logon
{L-0010210},09/08/2026 02:41:34,DA0003,PC-1003,Logoff
{L-0020181},09/08/2026 03:06:34,JA0009,PC-1009,Logoff
{L-0015455},09/08/2026 03:08:34,GA0006,PC-1006,Logoff
{L-0030338},09/08/2026 03:26:34,OA0014,PC-1014,Logoff
{L-0026188},09/08/2026 03:32:34,MA0012,PC-1012,Logoff
{L-0027956},09/08/2026 03:53:34,NA0013,PC-1013,Logoff
{L-0018269},09/08/2026 04:03:34,IA0008,PC-1008,Logoff
{L-0004227},09/08/2026 04:04:34,BA0001,PC-1001,Logoff
{L-0022197},09/08/2026 04:36:34,KA0010,PC-1010,Logoff
{L-0034854},09/08/2026 04:36:34,RA0017,PC-1017,Logoff
{L-0001662},09/08/2026 04:43:34,AA0000,PC-1000,Logoff
{L-0011881},09/08/2026 04:48:34,EA0004,PC-1004,Logoff
{L-0024197},09/08/2026 05:07:34,LA0011,PC-1011,Logoff
{L-0033685},09/08/2026 06:02:34,QA0016,PC-1016,Logoff
{L-0013297},09/08/2026 06:23:34,FA0005,PC-1005,Logoff
{L-0007414},09/08/2026 06:24:34,CA0002,PC-1002,Logoff
{L-0027994},09/08/2026 18:15:34,NA0013,PC-1013,Logon
{L-0018298},09/08/2026 18:22:34,IA0008,PC-1008,Logon
{L-0026232},09/08/2026 18:44:34,MA0012,PC-1012,Logon
{L-0024257},09/08/2026 18:45:34,LA0011,PC-1011,Logon
{L-0030401},09/08/2026 18:48:34,OA0014,PC-1014,Logon
{L-0016860},09/08/2026 18:55:34,HA0007,PC-1007,Logon
{L-0010294},09/08/2026 19:12:34,DA0003,PC-1003,Logon
{L-0015500},09/08/2026 19:12:34,GA0006,PC-1006,Logon
{L-0020238},09/08/2026 19:15:34,JA0009,PC-1009,Logon
{L-0004280},09/08/2026 19:43:34,BA0001,PC-1001,Logon
{L-0034870},09/08/2026 19:59:34,RA0017,PC-1017,Logon
{L-0033707},09/08/2026 20:10:34,QA0016,PC-1016,Logon
{L-0007486},09/08/2026 20:14:34,CA0002,PC-1002,Logon
{L-0032249},09/08/2026 20:18:34,PA0015,PC-1015,Logon
{L-0011913},09/08/2026 20:19:34,EA0004,PC-1004,Logon
{L-0013333},09/08/2026 20:36:34,FA0005,PC-1005,Logon
{L-0030402},09/09/2026 02:46:34,OA0014,PC-1014,Logoff
{L-0018299},09/09/2026 03:45:34,IA0008,PC-1008,Logoff
{L-0015501},09/09/2026 03:52:34,GA0006,PC-1006,Logoff
{L-0016861},09/09/2026 03:56:34,HA0007,PC-1007,Logoff
{L-0020239},09/09/2026 03:58:34,JA0009,PC-1009,Logoff
{L-0010295},09/09/2026 03:59:34,DA0003,PC-1003,Logoff
{L-0027995},09/09/2026 04:13:34,NA0013,PC-1013,Logoff
{L-0026233},09/09/2026 04:14:34,MA0012,PC-1012,Logoff
{L-0004281},09/09/2026 04:21:34,BA0001,PC-1001,Logoff
{L-0024258},09/09/2026 04:30:34,LA0011,PC-1011,Logoff
{L-0011914},09/09/2026 04:38:34,EA0004,PC-1004,Logoff
{L-0032250},09/09/2026 04:47:34,PA0015,PC-1015,Logoff
{L-0007487},09/09/2026 05:11:34,CA0002,PC-1002,Logoff
{L-0034871},09/09/2026 05:26:34,RA0017,PC-1017,Logoff
{L-0013334},09/09/2026 05:45:34,FA0005,PC-1005,Logoff
{L-0033708},09/09/2026 06:03:34,QA0016,PC-1016,Logoff
{L-0028043},09/09/2026 18:12:34,NA0013,PC-1013,Logon
{L-0018323},09/09/2026 18:15:34,IA0008,PC-1008,Logon
{L-0026269},09/09/2026 18:44:34,MA0012,PC-1012,Logon
{L-0024300},09/09/2026 18:54:34,LA0011,PC-1011,Logon
{L-0016880},09/09/2026 19:08:34,HA0007,PC-1007,Logon
{L-0030454},09/09/2026 19:11:34,OA0014,PC-1014,Logon
{L-0010346},09/09/2026 19:13:34,DA0003,PC-1003,Logon
{L-0015545},09/09/2026 19:26:34,GA0006,PC-1006,Logon
{L-0020280},09/09/2026 19:27:34,JA0009,PC-1009,Logon
{L-0022246},09/09/2026 19:46:34,KA0010,PC-1010,Logon
{L-0034887},09/09/2026 19:48:34,RA0017,PC-1017,Logon
{L-0001734},09/09/2026 19:51:34,AA0000,PC-1000,Logon
{L-0004321},09/09/2026 19:51:34,BA0001,PC-1001,Logon
{L-0033744},09/09/2026 20:00:34,QA0016,PC-1016,Logon
{L-0007554},09/09/2026 20:04:34,CA0002,PC-1002,Logon
{L-0013365},09/09/2026 20:13:34,FA0005,PC-1005,Logon
{L-0032280},09/09/2026 20:19:34,PA0015,PC-1015,Logon
{L-0011941},09/09/2026 20:39:34,EA0004,PC-1004,Logon
{L-0018324},09/10/2026 02:35:34,IA0008,PC-1008,Logoff
{L-0016881},09/10/2026 03:14:34,HA0007,PC-1007,Logoff
{L-0020281},09/10/2026 03:35:34,JA0009,PC-1009,Logoff
{L-0015546},09/10/2026 03:36:34,GA0006,PC-1006,Logoff
{L-0026270},09/10/2026 03:36:34,MA0012,PC-1012,Logoff
{L-0028044},09/10/2026 03:36:34,NA0013,PC-1013,Logoff
{L-0030455},09/10/2026 03:53:34,OA0014,PC-1014,Logoff
{L-0032281},09/10/2026 03:57:34,PA0015,PC-1015,Logoff
{L-0010347},09/10/2026 04:01:34,DA0003,PC-1003,Logoff
{L-0034888},09/10/2026 04:07:34,RA0017,PC-1017,Logoff
{L-0004322},09/10/2026 04:12:34,BA0001,PC-1001,Logoff
{L-0001735},09/10/2026 04:29:34,AA0000,PC-1000,Logoff
{L-0024301},09/10/2026 04:46:34,LA0011,PC-1011,Logoff
{L-0011942},09/10/2026 05:01:34,EA0004,PC-1004,Logoff
{L-0022247},09/10/2026 05:13:34,KA0010,PC-1010,Logoff
{L-0007555},09/10/2026 05:20:34,CA0002,PC-1002,Logoff
{L-0013366},09/10/2026 05:43:34,FA0005,PC-1005,Logoff
{L-0033745},09/10/2026 06:13:34,QA0016,PC-1016,Logoff
{L-0018373},09/10/2026 18:34:34,IA0008,PC-1008,Logon
{L-0030501},09/10/2026 18:42:34,OA0014,PC-1014,Logon
{L-0028093},09/10/2026 18:46:34,NA0013,PC-1013,Logon
{L-0010417},09/10/2026 18:52:34,DA0003,PC-1003,Logon
{L-0024328},09/10/2026 18:56:34,LA0011,PC-1011,Logon
{L-0015611},09/10/2026 19:02:34,GA0006,PC-1006,Logon
{L-0026316},09/10/2026 19:14:34,MA0012,PC-1012,Logon
{L-0020339},09/10/2026 19:17:34,JA0009,PC-1009,Logon
{L-0016902},09/10/2026 19:21:34,HA0007,PC-1007,Logon
{L-0001780},09/10/2026 19:49:34,AA0000,PC-1000,Logon
{L-0004353},09/10/2026 20:02:34,BA0001,PC-1001,Logon
{L-0033766},09/10/2026 20:02:34,QA0016,PC-1016,Logon
{L-0034906},09/10/2026 20:06:34,RA0017,PC-1017,Logon
{L-0032311},09/10/2026 20:10:34,PA0015,PC-1015,Logon
{L-0022296},09/10/2026 20:16:34,KA0010,PC-1010,Logon
{L-0011970},09/10/2026 20:29:34,EA0004,PC-1004,Logon
{L-0013405},09/10/2026 20:32:34,FA0005,PC-1005,Logon
{L-0010418},09/11/2026 03:17:34,DA0003,PC-1003,Logoff
{L-0020340},09/11/2026 03:19:34,JA0009,PC-1009,Logoff
{L-0015612},09/11/2026 03:47:34,GA0006,PC-1006,Logoff
{L-0011971},09/11/2026 03:53:34,EA0004,PC-1004,Logoff
{L-0030502},09/11/2026 03:56:34,OA0014,PC-1014,Logoff
{L-0001781},09/11/2026 03:58:34,AA0000,PC-1000,Logoff
{L-0018374},09/11/2026 04:13:34,IA0008,PC-1008,Logoff
{L-0026317},09/11/2026 04:27:34,MA0012,PC-1012,Logoff
{L-0016903},09/11/2026 04:28:34,HA0007,PC-1007,Logoff
{L-0028094},09/11/2026 04:30:34,NA0013,PC-1013,Logoff
{L-0024329},09/11/2026 04:32:34,LA0011,PC-1011,Logoff
{L-0032312},09/11/2026 04:33:34,PA0015,PC-1015,Logoff
{L-0034907},09/11/2026 05:28:34,RA0017,PC-1017,Logoff
{L-0004354},09/11/2026 05:29:34,BA0001,PC-1001,Logoff
{L-0033767},09/11/2026 05:33:34,QA0016,PC-1016,Logoff
{L-0022297},09/11/2026 05:38:34,KA0010,PC-1010,Logoff
{L-0013406},09/11/2026 05:48:34,FA0005,PC-1005,Logoff
{L-0018392},09/13/2026 18:33:34,IA0008,PC-1008,Logon
{L-0026355},09/13/2026 18:47:34,MA0012,PC-1012,Logon
{L-0030564},09/13/2026 18:48:34,OA0014,PC-1014,Logon
{L-0024366},09/13/2026 18:50:34,LA0011,PC-1011,Logon
{L-0028126},09/13/2026 18:55:34,NA0013,PC-1013,Logon
{L-0016928},09/13/2026 19:03:34,HA0007,PC-1007,Logon
{L-0020362},09/13/2026 19:13:34,JA0009,PC-1009,Logon
{L-0015666},09/13/2026 19:15:34,GA0006,PC-1006,Logon
{L-0001824},09/13/2026 19:20:34,AA0000,PC-1000,Logon
{L-0010472},09/13/2026 19:27:34,DA0003,PC-1003,Logon
{L-0004384},09/13/2026 19:29:34,BA0001,PC-1001,Logon
{L-0022329},09/13/2026 19:42:34,KA0010,PC-1010,Logon
{L-0034925},09/13/2026 19:57:34,RA0017,PC-1017,Logon
{L-0032343},09/13/2026 19:59:34,PA0015,PC-1015,Logon
{L-0011994},09/13/2026 20:00:34,EA0004,PC-1004,Logon
{L-0033810},09/13/2026 20:07:34,QA0016,PC-1016,Logon
{L-0007653},09/13/2026 20:15:34,CA0002,PC-1002,Logon
{L-0013435},09/13/2026 20:27:34,FA0005,PC-1005,Logon
{L-0018393},09/14/2026 02:55:34,IA0008,PC-1008,Logoff
{L-0030565},09/14/2026 02:59:34,OA0014,PC-1014,Logoff
{L-0020363},09/14/2026 03:07:34,JA0009,PC-1009,Logoff
{L-0010473},09/14/2026 03:18:34,DA0003,PC-1003,Logoff
{L-0011995},09/14/2026 03:25:34,EA0004,PC-1004,Logoff
{L-0026356},09/14/2026 03:39:34,MA0012,PC-1012,Logoff
{L-0015667},09/14/2026 03:58:34,GA0006,PC-1006,Logoff
{L-0016929},09/14/2026 04:09:34,HA0007,PC-1007,Logoff
{L-0001825},09/14/2026 04:16:34,AA0000,PC-1000,Logoff
{L-0004385},09/14/2026 04:27:34,BA0001,PC-1001,Logoff
{L-0024367},09/14/2026 04:34:34,LA0011,PC-1011,Logoff
{L-0022330},09/14/2026 04:35:34,KA0010,PC-1010,Logoff
{L-0032344},09/14/2026 04:42:34,PA0015,PC-1015,Logoff
{L-0028127},09/14/2026 04:49:34,NA0013,PC-1013,Logoff
{L-0034926},09/14/2026 05:03:34,RA0017,PC-1017,Logoff
{L-0007654},09/14/2026 05:30:34,CA0002,PC-1002,Logoff
{L-0013436},09/14/2026 05:59:34,FA0005,PC-1005,Logoff
{L-0033811},09/14/2026 06:24:34,QA0016,PC-1016,Logoff
{L-0028155},09/14/2026 18:14:34,NA0013,PC-1013,Logon
{L-0024412},09/14/2026 18:41:34,LA0011,PC-1011,Logon
{L-0016946},09/14/2026 18:49:34,HA0007,PC-1007,Logon
{L-0010513},09/14/2026 18:53:34,DA0003,PC-1003,Logon
{L-0026419},09/14/2026 18:55:34,MA0012,PC-1012,Logon
{L-0030606},09/14/2026 18:55:34,OA0014,PC-1014,Logon
{L-0015685},09/14/2026 19:07:34,GA0006,PC-1006,Logon
{L-0001908},09/14/2026 19:24:34,AA0000,PC-1000,Logon
{L-0020414},09/14/2026 19:25:34,JA0009,PC-1009,Logon
{L-0004457},09/14/2026 19:50:34,BA0001,PC-1001,Logon
{L-0032387},09/14/2026 19:52:34,PA0015,PC-1015,Logon
{L-0012026},09/14/2026 20:00:34,EA0004,PC-1004,Logon
{L-0034949},09/14/2026 20:04:34,RA0017,PC-1017,Logon
{L-0022370},09/14/2026 20:07:34,KA0010,PC-1010,Logon
{L-0013469},09/14/2026 20:11:34,FA0005,PC-1005,Logon
{L-0033845},09/14/2026 20:17:34,QA0016,PC-1016,Logon
{L-0007748},09/14/2026 20:27:34,CA0002,PC-1002,Logon
{L-0016947},09/15/2026 02:51:34,HA0007,PC-1007,Logoff
{L-0015686},09/15/2026 02:59:34,GA0006,PC-1006,Logoff
{L-0010514},09/15/2026 03:12:34,DA0003,PC-1003,Logoff
{L-0020415},09/15/2026 03:13:34,JA0009,PC-1009,Logoff
{L-0030607},09/15/2026 03:22:34,OA0014,PC-1014,Logoff
{L-0012027},09/15/2026 04:11:34,EA0004,PC-1004,Logoff
{L-0004458},09/15/2026 04:15:34,BA0001,PC-1001,Logoff
{L-0001909},09/15/2026 04:19:34,AA0000,PC-1000,Logoff
{L-0034950},09/15/2026 04:27:34,RA0017,PC-1017,Logoff
{L-0028156},09/15/2026 04:31:34,NA0013,PC-1013,Logoff
{L-0032388},09/15/2026 04:38:34,PA0015,PC-1015,Logoff
{L-0024413},09/15/2026 04:58:34,LA0011,PC-1011,Logoff
{L-0026420},09/15/2026 05:01:34,MA0012,PC-1012,Logoff
{L-0022371},09/15/2026 05:17:34,KA0010,PC-1010,Logoff
{L-0007749},09/15/2026 05:52:34,CA0002,PC-1002,Logoff
{L-0013470},09/15/2026 06:00:34,FA0005,PC-1005,Logoff
{L-0033846},09/15/2026 06:37:34,QA0016,PC-1016,Logoff
{L-0018435},09/15/2026 18:23:34,IA0008,PC-1008,Logon
{L-0024469},09/15/2026 18:34:34,LA0011,PC-1011,Logon
{L-0028195},09/15/2026 18:34:34,NA0013,PC-1013,Logon
{L-0026472},09/15/2026 19:09:34,MA0012,PC-1012,Logon
{L-0015727},09/15/2026 19:11:34,GA0006,PC-1006,Logon
{L-0020448},09/15/2026 19:14:34,JA0009,PC-1009,Logon
{L-0016967},09/15/2026 19:15:34,HA0007,PC-1007,Logon
{L-0004544},09/15/2026 19:18:34,BA0001,PC-1001,Logon
{L-0001964},09/15/2026 19:21:34,AA0000,PC-1000,Logon
{L-0030684},09/15/2026 19:22:34,OA0014,PC-1014,Logon
{L-0022405},09/15/2026 19:39:34,KA0010,PC-1010,Logon
{L-0033879},09/15/2026 19:55:34,QA0016,PC-1016,Logon
{L-0032425},09/15/2026 19:59:34,PA0015,PC-1015,Logon
{L-0007802},09/15/2026 20:12:34,CA0002,PC-1002,Logon
{L-0013499},09/15/2026 20:26:34,FA0005,PC-1005,Logon
{L-0012052},09/15/2026 20:33:34,EA0004,PC-1004,Logon
{L-0015728},09/16/2026 02:53:34,GA0006,PC-1006,Logoff
{L-0020449},09/16/2026 03:23:34,JA0009,PC-1009,Logoff
{L-0016968},09/16/2026 03:45:34,HA0007,PC-1007,Logoff
{L-0030685},09/16/2026 03:46:34,OA0014,PC-1014,Logoff
{L-0018436},09/16/2026 03:51:34,IA0008,PC-1008,Logoff
{L-0032426},09/16/2026 03:53:34,PA0015,PC-1015,Logoff
{L-0004545},09/16/2026 04:06:34,BA0001,PC-1001,Logoff
{L-0024470},09/16/2026 04:08:34,LA0011,PC-1011,Logoff
{L-0001965},09/16/2026 04:31:34,AA0000,PC-1000,Logoff
{L-0028196},09/16/2026 04:53:34,NA0013,PC-1013,Logoff
{L-0012053},09/16/2026 05:13:34,EA0004,PC-1004,Logoff
{L-0026473},09/16/2026 05:15:34,MA0012,PC-1012,Logoff
{L-0007803},09/16/2026 05:18:34,CA0002,PC-1002,Logoff
{L-0022406},09/16/2026 05:34:34,KA0010,PC-1010,Logoff
{L-0013500},09/16/2026 05:42:34,FA0005,PC-1005,Logoff
{L-0033880},09/16/2026 06:00:34,QA0016,PC-1016,Logoff
{L-0018481},09/16/2026 18:18:34,IA0008,PC-1008,Logon
{L-0028221},09/16/2026 18:26:34,NA0013,PC-1013,Logon
{L-0024525},09/16/2026 18:44:34,LA0011,PC-1011,Logon
{L-0010553},09/16/2026 18:59:34,DA0003,PC-1003,Logon
{L-0015779},09/16/2026 19:04:34,GA0006,PC-1006,Logon
{L-0020492},09/16/2026 19:06:34,JA0009,PC-1009,Logon
{L-0026536},09/16/2026 19:13:34,MA0012,PC-1012,Logon
{L-0030746},09/16/2026 19:21:34,OA0014,PC-1014,Logon
{L-0002022},09/16/2026 19:25:34,AA0000,PC-1000,Logon
{L-0016984},09/16/2026 19:25:34,HA0007,PC-1007,Logon
{L-0022464},09/16/2026 19:42:34,KA0010,PC-1010,Logon
{L-0004610},09/16/2026 19:47:34,BA0001,PC-1001,Logon
{L-0033905},09/16/2026 19:52:34,QA0016,PC-1016,Logon
{L-0012081},09/16/2026 20:09:34,EA0004,PC-1004,Logon
{L-0013534},09/16/2026 20:10:34,FA0005,PC-1005,Logon
{L-0007863},09/16/2026 20:16:34,CA0002,PC-1002,Logon
{L-0032469},09/16/2026 20:20:34,PA0015,PC-1015,Logon
{L-0034974},09/16/2026 20:25:34,RA0017,PC-1017,Logon
{L-0010554},09/17/2026 02:40:34,DA0003,PC-1003,Logoff
{L-0015780},09/17/2026 03:25:34,GA0006,PC-1006,Logoff
{L-0020493},09/17/2026 03:43:34,JA0009,PC-1009,Logoff
{L-0016985},09/17/2026 03:53:34,HA0007,PC-1007,Logoff
{L-0018482},09/17/2026 03:53:34,IA0008,PC-1008,Logoff
{L-0028222},09/17/2026 04:18:34,NA0013,PC-1013,Logoff
{L-0026537},09/17/2026 04:24:34,MA0012,PC-1012,Logoff
{L-0032470},09/17/2026 04:28:34,PA0015,PC-1015,Logoff
{L-0022465},09/17/2026 04:33:34,KA0010,PC-1010,Logoff
{L-0034975},09/17/2026 04:34:34,RA0017,PC-1017,Logoff
{L-0030747},09/17/2026 04:35:34,OA0014,PC-1014,Logoff
{L-0002023},09/17/2026 04:42:34,AA0000,PC-1000,Logoff
{L-0004611},09/17/2026 04:43:34,BA0001,PC-1001,Logoff
{L-0012082},09/17/2026 04:50:34,EA0004,PC-1004,Logoff
{L-0024526},09/17/2026 05:03:34,LA0011,PC-1011,Logoff
{L-0013535},09/17/2026 05:19:34,FA0005,PC-1005,Logoff
{L-0033906},09/17/2026 05:28:34,QA0016,PC-1016,Logoff
{L-0007864},09/17/2026 06:26:34,CA0002,PC-1002,Logoff
{L-0024564},09/17/2026 18:17:34,LA0011,PC-1011,Logon
{L-0018524},09/17/2026 18:23:34,IA0008,PC-1008,Logon
{L-0030801},09/17/2026 18:43:34,OA0014,PC-1014,Logon
{L-0026592},09/17/2026 18:44:34,MA0012,PC-1012,Logon
{L-0028260},09/17/2026 18:54:34,NA0013,PC-1013,Logon
{L-0015826},09/17/2026 19:21:34,GA0006,PC-1006,Logon
{L-0010620},09/17/2026 19:23:34,DA0003,PC-1003,Logon
{L-0017010},09/17/2026 19:24:34,HA0007,PC-1007,Logon
{L-0020549},09/17/2026 19:29:34,JA0009,PC-1009,Logon
{L-0022506},09/17/2026 19:42:34,KA0010,PC-1010,Logon
{L-0004674},09/17/2026 19:51:34,BA0001,PC-1001,Logon
{L-0033946},09/17/2026 19:56:34,QA0016,PC-1016,Logon
{L-0007918},09/17/2026 19:57:34,CA0002,PC-1002,Logon
{L-0012115},09/17/2026 20:05:34,EA0004,PC-1004,Logon
{L-0032500},09/17/2026 20:11:34,PA0015,PC-1015,Logon
{L-0013568},09/17/2026 20:18:34,FA0005,PC-1005,Logon
{L-0034997},09/17/2026 20:21:34,RA0017,PC-1017,Logon
{L-0018525},09/18/2026 02:54:34,IA0008,PC-1008,Logoff
{L-0020550},09/18/2026 03:04:34,JA0009,PC-1009,Logoff
{L-0030802},09/18/2026 03:26:34,OA0014,PC-1014,Logoff
{L-0012116},09/18/2026 03:38:34,EA0004,PC-1004,Logoff
{L-0026593},09/18/2026 03:38:34,MA0012,PC-1012,Logoff
{L-0032501},09/18/2026 03:54:34,PA0015,PC-1015,Logoff
{L-0015827},09/18/2026 03:58:34,GA0006,PC-1006,Logoff
{L-0017011},09/18/2026 04:04:34,HA0007,PC-1007,Logoff
{L-0028261},09/18/2026 04:10:34,NA0013,PC-1013,Logoff
{L-0010621},09/18/2026 04:16:34,DA0003,PC-1003,Logoff
{L-0004675},09/18/2026 04:34:34,BA0001,PC-1001,Logoff
{L-0024565},09/18/2026 04:35:34,LA0011,PC-1011,Logoff
{L-0034998},09/18/2026 05:13:34,RA0017,PC-1017,Logoff
{L-0022507},09/18/2026 05:40:34,KA0010,PC-1010,Logoff
{L-0033947},09/18/2026 05:41:34,QA0016,PC-1016,Logoff
{L-0013569},09/18/2026 06:05:34,FA0005,PC-1005,Logoff
{L-0007919},09/18/2026 06:08:34,CA0002,PC-1002,Logoff
{L-0024618},09/20/2026 18:16:34,LA0011,PC-1011,Logon
{L-0018554},09/20/2026 18:36:34,IA0008,PC-1008,Logon
{L-0010679},09/20/2026 18:42:34,DA0003,PC-1003,Logon
{L-0028307},09/20/2026 18:42:34,NA0013,PC-1013,Logon
{L-0026653},09/20/2026 18:57:34,MA0012,PC-1012,Logon
{L-0002101},09/20/2026 19:05:34,AA0000,PC-1000,Logon
{L-0015885},09/20/2026 19:07:34,GA0006,PC-1006,Logon
{L-0020619},09/20/2026 19:15:34,JA0009,PC-1009,Logon
{L-0030858},09/20/2026 19:28:34,OA0014,PC-1014,Logon
{L-0033963},09/20/2026 19:35:34,QA0016,PC-1016,Logon
{L-0022553},09/20/2026 19:40:34,KA0010,PC-1010,Logon
{L-0004779},09/20/2026 19:45:34,BA0001,PC-1001,Logon
{L-0007973},09/20/2026 20:05:34,CA0002,PC-1002,Logon
{L-0035019},09/20/2026 20:07:34,RA0017,PC-1017,Logon
{L-0013594},09/20/2026 20:14:34,FA0005,PC-1005,Logon
{L-0032534},09/20/2026 20:27:34,PA0015,PC-1015,Logon
{L-0012155},09/20/2026 20:39:34,EA0004,PC-1004,Logon
{L-0015886},09/21/2026 02:56:34,GA0006,PC-1006,Logoff
{L-0018555},09/21/2026 02:57:34,IA0008,PC-1008,Logoff
{L-0020620},09/21/2026 03:07:34,JA0009,PC-1009,Logoff
{L-0010680},09/21/2026 03:17:34,DA0003,PC-1003,Logoff
{L-0030859},09/21/2026 03:36:34,OA0014,PC-1014,Logoff
{L-0024619},09/21/2026 03:54:34,LA0011,PC-1011,Logoff
{L-0002102},09/21/2026 04:00:34,AA0000,PC-1000,Logoff
{L-0026654},09/21/2026 04:12:34,MA0012,PC-1012,Logoff
{L-0032535},09/21/2026 04:31:34,PA0015,PC-1015,Logoff
{L-0028308},09/21/2026 04:45:34,NA0013,PC-1013,Logoff
{L-0012156},09/21/2026 04:54:34,EA0004,PC-1004,Logoff
{L-0004780},09/21/2026 05:00:34,BA0001,PC-1001,Logoff
{L-0022554},09/21/2026 05:05:34,KA0010,PC-1010,Logoff
{L-0013595},09/21/2026 05:23:34,FA0005,PC-1005,Logoff
{L-0035020},09/21/2026 05:32:34,RA0017,PC-1017,Logoff
{L-0033964},09/21/2026 05:49:34,QA0016,PC-1016,Logoff
{L-0007974},09/21/2026 06:11:34,CA0002,PC-1002,Logoff
{L-0018589},09/21/2026 18:12:34,IA0008,PC-1008,Logon
{L-0024667},09/21/2026 18:26:34,LA0011,PC-1011,Logon
{L-0010748},09/21/2026 18:44:34,DA0003,PC-1003,Logon
{L-0030905},09/21/2026 18:46:34,OA0014,PC-1014,Logon
{L-0028344},09/21/2026 18:50:34,NA0013,PC-1013,Logon
{L-0020670},09/21/2026 19:17:34,JA0009,PC-1009,Logon
{L-0015946},09/21/2026 19:22:34,GA0006,PC-1006,Logon
{L-0002178},09/21/2026 19:27:34,AA0000,PC-1000,Logon
{L-0022602},09/21/2026 19:48:34,KA0010,PC-1010,Logon
{L-0004848},09/21/2026 19:50:34,BA0001,PC-1001,Logon
{L-0033991},09/21/2026 20:09:34,QA0016,PC-1016,Logon
{L-0032566},09/21/2026 20:13:34,PA0015,PC-1015,Logon
{L-0012189},09/21/2026 20:20:34,EA0004,PC-1004,Logon
{L-0035051},09/21/2026 20:23:34,RA0017,PC-1017,Logon
{L-0008015},09/21/2026 20:41:34,CA0002,PC-1002,Logon
{L-0013623},09/21/2026 20:46:34,FA0005,PC-1005,Logon
{L-0010749},09/22/2026 02:42:34,DA0003,PC-1003,Logoff
{L-0030906},09/22/2026 03:14:34,OA0014,PC-1014,Logoff
{L-0020671},09/22/2026 03:23:34,JA0009,PC-1009,Logoff
{L-0015947},09/22/2026 03:31:34,GA0006,PC-1006,Logoff
{L-0018590},09/22/2026 03:48:34,IA0008,PC-1008,Logoff
{L-0024668},09/22/2026 03:52:34,LA0011,PC-1011,Logoff
{L-0032567},09/22/2026 04:12:34,PA0015,PC-1015,Logoff
{L-0002179},09/22/2026 04:30:34,AA0000,PC-1000,Logoff
{L-0035052},09/22/2026 04:34:34,RA0017,PC-1017,Logoff
{L-0004849},09/22/2026 04:56:34,BA0001,PC-1001,Logoff
{L-0012190},09/22/2026 05:02:34,EA0004,PC-1004,Logoff
{L-0028345},09/22/2026 05:19:34,NA0013,PC-1013,Logoff
{L-0022603},09/22/2026 05:31:34,KA0010,PC-1010,Logoff
{L-0033992},09/22/2026 05:36:34,QA0016,PC-1016,Logoff
{L-0008016},09/22/2026 05:49:34,CA0002,PC-1002,Logoff
{L-0013624},09/22/2026 06:20:34,FA0005,PC-1005,Logoff
{L-0024714},09/22/2026 18:50:34,LA0011,PC-1011,Logon
{L-0017040},09/22/2026 18:52:34,HA0007,PC-1007,Logon
{L-0018624},09/22/2026 18:52:34,IA0008,PC-1008,Logon
{L-0028380},09/22/2026 18:57:34,NA0013,PC-1013,Logon
{L-0026687},09/22/2026 19:01:34,MA0012,PC-1012,Logon
{L-0020723},09/22/2026 19:04:34,JA0009,PC-1009,Logon
{L-0030955},09/22/2026 19:10:34,OA0014,PC-1014,Logon
{L-0015992},09/22/2026 19:17:34,GA0006,PC-1006,Logon
{L-0010818},09/22/2026 19:29:34,DA0003,PC-1003,Logon
{L-0022655},09/22/2026 19:34:34,KA0010,PC-1010,Logon
{L-0004897},09/22/2026 19:41:34,BA0001,PC-1001,Logon
{L-0034014},09/22/2026 19:45:34,QA0016,PC-1016,Logon
{L-0002235},09/22/2026 19:48:34,AA0000,PC-1000,Logon
{L-0035073},09/22/2026 19:53:34,RA0017,PC-1017,Logon
{L-0013656},09/22/2026 20:00:34,FA0005,PC-1005,Logon
{L-0032613},09/22/2026 20:05:34,PA0015,PC-1015,Logon
{L-0008087},09/22/2026 20:23:34,CA0002,PC-1002,Logon
{L-0012211},09/22/2026 20:33:34,EA0004,PC-1004,Logon
{L-0017041},09/23/2026 03:15:34,HA0007,PC-1007,Logoff
{L-0020724},09/23/2026 03:43:34,JA0009,PC-1009,Logoff
{L-0015993},09/23/2026 03:56:34,GA0006,PC-1006,Logoff
{L-0010819},09/23/2026 04:01:34,DA0003,PC-1003,Logoff
{L-0004898},09/23/2026 04:03:34,BA0001,PC-1001,Logoff
{L-0018625},09/23/2026 04:04:34,IA0008,PC-1008,Logoff
{L-0002236},09/23/2026 04:15:34,AA0000,PC-1000,Logoff
{L-0026688},09/23/2026 04:19:34,MA0012,PC-1012,Logoff
{L-0012212},09/23/2026 04:21:34,EA0004,PC-1004,Logoff
{L-0030956},09/23/2026 04:25:34,OA0014,PC-1014,Logoff
{L-0032614},09/23/2026 04:47:34,PA0015,PC-1015,Logoff
{L-0028381},09/23/2026 04:54:34,NA0013,PC-1013,Logoff
{L-0022656},09/23/2026 05:07:34,KA0010,PC-1010,Logoff
{L-0035074},09/23/2026 05:17:34,RA0017,PC-1017,Logoff
{L-0024715},09/23/2026 05:22:34,LA0011,PC-1011,Logoff
{L-0034015},09/23/2026 05:51:34,QA0016,PC-1016,Logoff
{L-0008088},09/23/2026 06:15:34,CA0002,PC-1002,Logoff
{L-0013657},09/23/2026 06:19:34,FA0005,PC-1005,Logoff
{L-0028426},09/23/2026 18:14:34,NA0013,PC-1013,Logon
{L-0024748},09/23/2026 18:16:34,LA0011,PC-1011,Logon
{L-0018656},09/23/2026 18:23:34,IA0008,PC-1008,Logon
{L-0031009},09/23/2026 18:50:34,OA0014,PC-1014,Logon
{L-0026721},09/23/2026 19:12:34,MA0012,PC-1012,Logon
{L-0016047},09/23/2026 19:21:34,GA0006,PC-1006,Logon
{L-0020773},09/23/2026 19:23:34,JA0009,PC-1009,Logon
{L-0010886},09/23/2026 19:24:34,DA0003,PC-1003,Logon
{L-0017060},09/23/2026 19:27:34,HA0007,PC-1007,Logon
{L-0002294},09/23/2026 19:28:34,AA0000,PC-1000,Logon
{L-0034055},09/23/2026 19:50:34,QA0016,PC-1016,Logon
{L-0004955},09/23/2026 20:04:34,BA0001,PC-1001,Logon
{L-0012247},09/23/2026 20:06:34,EA0004,PC-1004,Logon
{L-0013691},09/23/2026 20:07:34,FA0005,PC-1005,Logon
{L-0032641},09/23/2026 20:13:34,PA0015,PC-1015,Logon
{L-0022698},09/23/2026 20:23:34,KA0010,PC-1010,Logon
{L-0035107},09/23/2026 20:26:34,RA0017,PC-1017,Logon
{L-0008176},09/23/2026 20:31:34,CA0002,PC-1002,Logon
{L-0020774},09/24/2026 03:16:34,JA0009,PC-1009,Logoff
{L-0018657},09/24/2026 03:23:34,IA0008,PC-1008,Logoff
{L-0010887},09/24/2026 03:40:34,DA0003,PC-1003,Logoff
{L-0024749},09/24/2026 03:42:34,LA0011,PC-1011,Logoff
{L-0016048},09/24/2026 03:45:34,GA0006,PC-1006,Logoff
{L-0017061},09/24/2026 03:49:34,HA0007,PC-1007,Logoff
{L-0012248},09/24/2026 03:55:34,EA0004,PC-1004,Logoff
{L-0032642},09/24/2026 03:59:34,PA0015,PC-1015,Logoff
{L-0031010},09/24/2026 04:02:34,OA0014,PC-1014,Logoff
{L-0028427},09/24/2026 04:24:34,NA0013,PC-1013,Logoff
{L-0004956},09/24/2026 04:25:34,BA0001,PC-1001,Logoff
{L-0002295},09/24/2026 04:49:34,AA0000,PC-1000,Logoff
{L-0026722},09/24/2026 04:55:34,MA0012,PC-1012,Logoff
{L-0035108},09/24/2026 04:58:34,RA0017,PC-1017,Logoff
{L-0034056},09/24/2026 05:10:34,QA0016,PC-1016,Logoff
{L-0022699},09/24/2026 05:30:34,KA0010,PC-1010,Logoff
{L-0013692},09/24/2026 06:09:34,FA0005,PC-1005,Logoff
{L-0008177},09/24/2026 06:12:34,CA0002,PC-1002,Logoff
{L-0024797},09/24/2026 18:37:34,LA0011,PC-1011,Logon
{L-0026774},09/24/2026 18:41:34,MA0012,PC-1012,Logon
{L-0031055},09/24/2026 18:43:34,OA0014,PC-1014,Logon
{L-0018696},09/24/2026 18:45:34,IA0008,PC-1008,Logon
{L-0028467},09/24/2026 18:48:34,NA0013,PC-1013,Logon
{L-0017074},09/24/2026 19:10:34,HA0007,PC-1007,Logon
{L-0002336},09/24/2026 19:13:34,AA0000,PC-1000,Logon
{L-0016098},09/24/2026 19:18:34,GA0006,PC-1006,Logon
{L-0010935},09/24/2026 19:24:34,DA0003,PC-1003,Logon
{L-0020818},09/24/2026 19:25:34,JA0009,PC-1009,Logon
{L-0005001},09/24/2026 19:35:34,BA0001,PC-1001,Logon
{L-0022746},09/24/2026 19:48:34,KA0010,PC-1010,Logon
{L-0032676},09/24/2026 19:53:34,PA0015,PC-1015,Logon
{L-0013723},09/24/2026 20:00:34,FA0005,PC-1005,Logon
{L-0008249},09/24/2026 20:01:34,CA0002,PC-1002,Logon
{L-0012278},09/24/2026 20:10:34,EA0004,PC-1004,Logon
{L-0034078},09/24/2026 20:15:34,QA0016,PC-1016,Logon
{L-0035131},09/24/2026 20:25:34,RA0017,PC-1017,Logon
{L-0016099},09/25/2026 02:54:34,GA0006,PC-1006,Logoff
{L-0010936},09/25/2026 03:05:34,DA0003,PC-1003,Logoff
{L-0002337},09/25/2026 03:20:34,AA0000,PC-1000,Logoff
{L-0031056},09/25/2026 03:20:34,OA0014,PC-1014,Logoff
{L-0005002},09/25/2026 03:56:34,BA0001,PC-1001,Logoff
{L-0018697},09/25/2026 04:00:34,IA0008,PC-1008,Logoff
{L-0020819},09/25/2026 04:07:34,JA0009,PC-1009,Logoff
{L-0012279},09/25/2026 04:08:34,EA0004,PC-1004,Logoff
{L-0017075},09/25/2026 04:11:34,HA0007,PC-1007,Logoff
{L-0032677},09/25/2026 04:15:34,PA0015,PC-1015,Logoff
{L-0026775},09/25/2026 04:16:34,MA0012,PC-1012,Logoff
{L-0028468},09/25/2026 04:31:34,NA0013,PC-1013,Logoff
{L-0035132},09/25/2026 04:51:34,RA0017,PC-1017,Logoff
{L-0024798},09/25/2026 04:56:34,LA0011,PC-1011,Logoff
{L-0022747},09/25/2026 05:01:34,KA0010,PC-1010,Logoff
{L-0034079},09/25/2026 05:55:34,QA0016,PC-1016,Logoff
{L-0008250},09/25/2026 05:57:34,CA0002,PC-1002,Logoff
{L-0013724},09/25/2026 06:16:34,FA0005,PC-1005,Logoff
